Building Key,Floor2,Floor Key,Ext Gross Area,Assignable Area,Non Assignable Area,Floor Sort Sequence,Level Id,Building Wings Id,Access Level,Warehouse Load Date
1,0,1-0,"29,760.11","19,247.23","7,392.19",0,0,"",2,01/08/16 05:13 AM
1,1,1-1,"28,011.87","18,584.73","6,891.32",1,1,"",2,01/08/16 05:13 AM
1,2,1-2,"28,092.69","18,899.32","6,612.85",2,2,"",2,01/08/16 05:13 AM
1,3,1-3,"28,150.59","19,395.66","5,907.66",3,3,"",2,01/08/16 05:13 AM
1,4,1-4,"2,224.11",0,"1,946.61",4,4,"",3,01/08/16 05:13 AM
2,0,2-0,"30,809.31","16,123.27","12,122.01",0,0,"",2,01/08/16 05:13 AM
2,1,2-1,"27,893.61","18,024.62","7,092.06",1,1,"",2,01/08/16 05:13 AM
2,2,2-2,"28,024.91","18,461.6","6,894.43",2,2,"",2,01/08/16 05:13 AM
2,3,2-3,"27,865","18,985.23","6,238.58",3,3,"",2,01/08/16 05:13 AM
2,4,2-4,"5,708.2","1,671.89","3,321.82",4,4,"",2,01/08/16 05:13 AM
2,5,2-5,"1,348.74",756.48,131.19,5,5,"",2,01/08/16 05:13 AM
3,0,3-0,"34,988.41","22,067.85","9,648.8",0,0,"",2,01/08/16 05:13 AM
3,1,3-1,"31,498.94","19,966.18","8,716.7",1,1,"",2,01/08/16 05:13 AM
3,2,3-2,"31,176.11","20,685.14","7,484.07",2,2,"",2,01/08/16 05:13 AM
3,3,3-3,"30,133.82","20,247.12","7,116.58",3,3,"",2,01/08/16 05:13 AM
3,4,3-4,"32,326.8","21,029.91","7,906.73",4,4,"",2,01/08/16 05:13 AM
4,0,4-0,"33,439.69","18,361.44","11,200.72",0,0,"",2,01/08/16 05:13 AM
4,1,4-1,"31,429.76","19,393.48","8,929.5",1,1,"",2,01/08/16 05:13 AM
4,2,4-2,"30,792.8","19,277.68","7,935.74",2,2,"",2,01/08/16 05:13 AM
4,3,4-3,"30,670.33","18,410.3","8,786.52",3,3,"",2,01/08/16 05:13 AM
4,4,4-4,"31,950.2","24,077.12","4,916.31",4,4,"",2,01/08/16 05:13 AM
4,5,4-5,"4,331.38",0,"3,925.14",5,5,"",2,01/08/16 05:13 AM
5,0,5-0,"16,492.6","10,163.2","4,022.5",0,0,"",2,01/08/16 05:13 AM
5,1,5-1,"16,444.15","10,950.42","3,527.74",1,1,"",2,01/08/16 05:13 AM
5,2,5-2,"16,369.06","11,687.48","3,045.01",2,2,"",2,01/08/16 05:13 AM
5,3,5-3,"16,369.19","11,189.89","3,541.8",3,3,"",2,01/08/16 05:13 AM
5,4,5-4,"15,267.35","11,184.36","2,376.21",4,4,"",2,01/08/16 05:13 AM
6,0,6-0,"18,976","11,530.21","4,858.93",0,0,"",2,01/08/16 05:13 AM
6,1,6-1,"18,913.6","11,109.46","5,189.2",1,1,"",2,01/08/16 05:13 AM
6,2,6-2,"17,340.05","11,064.73","3,673.7",2,2,"",2,01/08/16 05:13 AM
6,3,6-3,"16,519.47","10,133.2","4,188.66",3,3,"",2,01/08/16 05:13 AM
6,4,6-4,"16,595.4","10,092.14","4,397.05",4,4,"",2,01/08/16 05:13 AM
6,5,6-5,482.4,0,347.22,5,5,"",2,01/08/16 05:13 AM
6B,1,6B-1,"1,680.39",643.66,874.79,1,1,"",2,01/08/16 05:13 AM
6C,0,6C-0,"13,767.93","5,726.08","6,376.73",0,0,"",2,01/08/16 05:13 AM
6C,1,6C-1,"9,044.12",198.27,"7,578.77",1,1,"",2,01/08/16 05:13 AM
6C,2,6C-2,"7,121.41","4,109.3","1,872.79",2,2,"",2,01/08/16 05:13 AM
6C,3,6C-3,"7,475.01","2,855.51","3,577.24",3,3,"",2,01/08/16 05:13 AM
6C,4,6C-4,"6,839.4","3,368.44","2,469.25",4,4,"",2,01/08/16 05:13 AM
6C,5,6C-5,"6,898.91",0,"5,818.26",5,5,"",2,01/08/16 05:13 AM
7,0,7-0,"21,923.12","11,240.26","7,503.44",0,0,"",2,01/08/16 05:13 AM
7,1,7-1,"20,089.1","9,212.85","8,775.44",1,1,"",3,01/08/16 05:13 AM
7,2,7-2,"15,621.44","9,257.66","4,241.33",2,2,"",2,01/08/16 05:13 AM
7,3,7-3,"15,917.31","9,148.83","4,562.65",3,3,"",2,01/08/16 05:13 AM
7,4,7-4,"19,694.95","11,628.72","5,781.41",4,4,"",2,01/08/16 05:13 AM
7,5,7-5,"7,121.38",0,"5,744.87",5,5,"",2,01/08/16 05:13 AM
7,6,7-6,186.08,0,135.77,6,6,"",2,01/08/16 05:13 AM
7A,1,7A-1,"3,476.1","2,987.18",298.38,1,1,"",2,01/08/16 05:13 AM
7A,2,7A-2,"3,475.99","2,411.94",876.65,3,2,"",2,01/08/16 05:13 AM
7A,3,7A-3,"2,898.37","2,343.78",295.64,5,3,"",2,01/08/16 05:13 AM
7A,4,7A-4,"2,883.84","2,410.62",306.1,6,4,"",2,01/08/16 05:13 AM
7A,5,7A-5,"2,883.84","2,410.62",306.1,7,5,"",2,01/08/16 05:13 AM
7A,6,7A-6,"2,883.84","2,410.56",305.6,8,6,"",2,01/08/16 05:13 AM
8,0,8-0,"13,717.35","6,387.37","5,516.65",0,0,"",2,01/08/16 05:13 AM
8,1,8-1,"13,823.78","8,729.39","3,603.37",1,1,"",2,01/08/16 05:13 AM
8,2,8-2,"12,442.01","7,596.64","3,427.86",2,2,"",2,01/08/16 05:13 AM
8,3,8-3,"12,441.37","6,824.65","4,092.97",3,3,"",2,01/08/16 05:13 AM
8,4,8-4,"12,509.7","7,713.6","3,271.61",4,4,"",2,01/08/16 05:13 AM
8,5,8-5,961.85,0,868.69,5,5,"",2,01/08/16 05:13 AM
9,00,9-00,"12,457.73","2,849.76","8,533.16",-1,00,"",3,01/08/16 05:13 AM
9,0,9-0,"6,913.96","2,979.9","2,908.7",0,0,"",2,01/08/16 05:13 AM
9,1,9-1,"7,713.56","2,302.5","4,632.58",1,1,"",2,01/08/16 05:13 AM
9,2,9-2,"12,039.93","6,635.44","3,608.6",2,2,"",2,01/08/16 05:13 AM
9,3,9-3,"12,039.93","6,971.03","3,240.78",3,3,"",2,01/08/16 05:13 AM
9,4,9-4,"12,039.93","6,046.54","4,122.77",4,4,"",2,01/08/16 05:13 AM
9,5,9-5,"11,762.06","8,029.49","2,206",5,5,"",2,01/08/16 05:13 AM
9,6,9-6,832.96,563.08,168.58,6,6,"",2,01/08/16 05:13 AM
10,0,10-0,"25,724.83","13,840.83","9,493.89",0,0,"",2,01/08/16 05:13 AM
10,1,10-1,"21,744.6","12,803.98","7,087.97",1,1,"",3,01/08/16 05:13 AM
10,2,10-2,"18,793.57","10,704.09","6,356.88",2,2,"",2,01/08/16 05:13 AM
10,3,10-3,"19,219.14","13,118.53","4,424.71",3,3,"",2,01/08/16 05:13 AM
10,4,10-4,"25,458.15","13,908.58","8,153.05",4,4,"",2,01/08/16 05:13 AM
10,5,10-5,"11,661.6","8,887.87","1,592.22",5,5,"",2,01/08/16 05:13 AM
10,6,10-6,"7,700.19","5,628.15",991.06,6,6,"",2,01/08/16 05:13 AM
10,7,10-7,"7,700.19","5,628.27",988.34,7,7,"",2,01/08/16 05:13 AM
10,8,10-8,"6,268.44","1,917.33","3,393.53",8,8,"",2,01/08/16 05:13 AM
11,0,11-0,"5,143.55","3,954.8",645.16,0,0,"",2,01/08/16 05:13 AM
11,1,11-1,"7,618.44","4,991.38","1,792.89",1,1,"",2,01/08/16 05:13 AM
11,2,11-2,"5,090.92","3,497.14",975.48,2,2,"",2,01/08/16 05:13 AM
11,3,11-3,"4,475.34","3,163.73",632.48,3,3,"",2,01/08/16 05:13 AM
11,4,11-4,"4,377.01","3,082.49",734.9,4,4,"",2,01/08/16 05:13 AM
13,0,13-0,"14,427.04","2,286.67","10,633.17",0,0,"",2,01/08/16 05:13 AM
13,1,13-1,"21,863.69","6,957.16","13,595.33",1,1,"",2,01/08/16 05:13 AM
13,2,13-2,"36,719.46","21,883.81","10,624.2",2,2,"",2,01/08/16 05:13 AM
13,3,13-3,"36,719.46","22,208.38","12,508.92",3,3,"",2,01/08/16 05:13 AM
13,4,13-4,"36,719.46","22,340.27","12,508.96",4,4,"",2,01/08/16 05:13 AM
13,5,13-5,"36,719.46","20,955.79","11,806.61",5,5,"",2,01/08/16 05:13 AM
14,0,14-0,"42,851.53","29,478.16","11,446.11",0,0,"",2,01/08/16 05:13 AM
14,1,14-1,"43,901.89","31,999.39","8,362.5",1,1,"",2,01/08/16 05:13 AM
14,2,14-2,"32,799.04","26,380.04","3,877.56",2,2,"",2,01/08/16 05:13 AM
14,3,14-3,"18,599.36","10,122.95","5,928.25",3,3,"",2,01/08/16 05:13 AM
14,4,14-4,"15,475.81","5,422.2","8,282.53",4,4,"",2,01/08/16 05:13 AM
14,5,14-5,888.1,309.76,535.8,5,5,"",2,01/08/16 05:13 AM
14E,1,14E-1,"8,204.66","6,979.44",626.8,1,1,"",2,01/08/16 05:13 AM
14E,2,14E-2,"5,644.11","4,996.18",208.33,2,2,"",2,01/08/16 05:13 AM
14E,3,14E-3,"6,108.72","3,481.75","2,031.08",3,3,"",2,01/08/16 05:13 AM
14E,4,14E-4,643.3,136.49,347.54,4,4,"",2,01/08/16 05:13 AM
14E,5,14E-5,421.92,309.76,158.26,5,5,"",2,01/08/16 05:13 AM
14N,1,14N-1,"10,923.99","5,577.18","4,182.59",1,1,"",2,01/08/16 05:13 AM
14N,2,14N-2,"8,469.9","5,031.54","2,368.73",2,2,"",2,01/08/16 05:13 AM
14N,3,14N-3,"8,494.72","5,085.66","2,351.18",3,3,"",2,01/08/16 05:13 AM
14N,4,14N-4,"8,651.32","5,285.71","2,270.47",4,4,"",2,01/08/16 05:13 AM
14N,5,14N-5,466.18,0,377.54,5,5,"",2,01/08/16 05:13 AM
14S,1,14S-1,"19,760.1","16,592.62","1,775.48",1,1,"",2,01/08/16 05:13 AM
14S,2,14S-2,"18,685.03","16,352.32","1,300.5",2,2,"",2,01/08/16 05:13 AM
14S,3,14S-3,"3,995.92","1,555.54","1,545.99",3,3,"",2,01/08/16 05:13 AM
14S,4,14S-4,"6,181.19",0,"5,664.52",4,4,"",2,01/08/16 05:13 AM
14W,1,14W-1,"5,013.14","2,850.15","1,777.63",1,1,"",2,01/08/16 05:13 AM
16,0,16-0,"14,404.67","2,093.2","10,778.12",0,0,"",2,01/08/16 05:13 AM
16,1,16-1,"12,569.14","6,364.56","5,101.84",1,1,"",2,01/08/16 05:13 AM
16,2,16-2,"12,495.42","6,991.35","4,351.54",2,2,"",2,01/08/16 05:13 AM
16,3,16-3,"12,503.03","6,987.19","4,425.97",3,3,"",2,01/08/16 05:13 AM
16,4,16-4,"12,374.59","7,018.67","4,267.21",4,4,"",2,01/08/16 05:13 AM
16,5,16-5,"12,320.55","6,964.84","4,274.72",5,5,"",2,01/08/16 05:13 AM
16,6,16-6,"11,544.13","7,639.29","2,877.49",6,6,"",2,01/08/16 05:13 AM
16,7,16-7,"11,544.49","7,479.28","3,033.08",7,7,"",2,01/08/16 05:13 AM
16,8,16-8,"11,019.2","6,339.09","3,380.37",8,8,"",0,01/08/16 05:13 AM
16,9,16-9,"5,438.69",0,"4,367.61",9,9,"",2,01/08/16 05:13 AM
17,0,17-0,"1,424.21","1,073.74",153.68,0,0,"",2,01/08/16 05:13 AM
17,1,17-1,"4,650.49","4,512.1",109.73,1,1,"",2,01/08/16 05:13 AM
18,00,18-00,"18,346.01","4,446.2","11,950.79",-1,00,"",3,01/08/16 05:13 AM
18,0,18-0,"22,374.83","11,011.25","8,630.91",0,0,"",2,01/08/16 05:13 AM
18,1,18-1,"15,587.84","9,661.76","4,012.44",1,1,"",2,01/08/16 05:13 AM
18,2,18-2,"18,251.52","12,677.72","3,133.15",2,2,"",2,01/08/16 05:13 AM
18,3,18-3,"18,664.85","12,693.23","3,502.11",3,3,"",2,01/08/16 05:13 AM
18,4,18-4,"18,664.85","12,559.27","3,531.03",4,4,"",2,01/08/16 05:13 AM
18,5,18-5,"18,664.85","12,550.96","3,543.03",5,5,"",2,01/08/16 05:13 AM
18,6,18-6,"3,177.35",0,"2,944.46",6,6,"",2,01/08/16 05:13 AM
24,0,24-0,"26,751.38","17,639.06","6,803.73",0,0,"",2,01/08/16 05:13 AM
24,1,24-1,"8,598.96","5,348.58","2,511.28",1,1,"",2,01/08/16 05:13 AM
24,2,24-2,"8,612.19","5,549.24","2,313.7",2,2,"",2,01/08/16 05:13 AM
24,3,24-3,"8,612.1","5,518.69","2,361.69",3,3,"",2,01/08/16 05:13 AM
24,4,24-4,"8,612.19","5,414.25","2,343.93",4,4,"",2,01/08/16 05:13 AM
24,5,24-5,"8,612.19","5,433.56","2,386.9",5,5,"",2,01/08/16 05:13 AM
24,6,24-6,"7,617.75","5,000.65","2,096.11",6,6,"",2,01/08/16 05:13 AM
24,7,24-7,269.17,0,204.89,7,7,"",2,01/08/16 05:13 AM
26,0,26-0,"28,142.07","12,045.53","13,893.13",0,0,"",2,01/08/16 05:13 AM
26,1,26-1,"24,359.44","15,708.77","6,959.23",1,1,"",2,01/08/16 05:13 AM
26,2,26-2,"18,705.39","12,577.22","4,588.16",2,2,"",2,01/08/16 05:13 AM
26,3,26-3,"18,720","12,618.95","4,620.13",3,3,"",2,01/08/16 05:13 AM
26,4,26-4,"18,730.88","12,641.91","4,542.97",4,4,"",2,01/08/16 05:13 AM
26,5,26-5,"18,731.92","12,483.3","4,686.35",5,5,"",2,01/08/16 05:13 AM
26,6,26-6,"5,901.87","2,613.61","2,733.06",6,6,"",2,01/08/16 05:13 AM
26,7,26-7,253.55,0,151.48,7,7,"",2,01/08/16 05:13 AM
31,00,31-00,"3,455.19","3,135.66",0,-1,00,"",3,01/08/16 05:13 AM
31,0,31-0,"27,308.32","21,608.6","4,173.53",0,0,"",2,01/08/16 05:13 AM
31,1,31-1,"18,203.47","12,648.92","3,916.26",1,1,"",2,01/08/16 05:13 AM
31,2,31-2,"12,810.91","9,332.8","2,197.82",2,2,"",2,01/08/16 05:13 AM
31,3,31-3,773.19,0,621.42,3,3,"",2,01/08/16 05:13 AM
32,0,32-0,"116,383.41","51,550.83","53,451.22",0,0,"",2,01/08/16 05:13 AM
32,1,32-1,"49,735.02","30,234.3","14,770.75",1,1,"",3,01/08/16 05:13 AM
32,D10,32-D10,"1,008.69",0,791.97,10,10,"",2,01/08/16 05:13 AM
32,G10,32-G10,"1,097.64",0,916.72,10,10,"",2,01/08/16 05:13 AM
32,2,32-2,"35,338.22","26,436.06","5,283.81",2,2,"",2,01/08/16 05:13 AM
32,3,32-3,"47,976.86","31,375.15","10,027.55",3,3,"",2,01/08/16 05:13 AM
32,D4,32-D4,"20,760.29","13,017.79","4,755.68",4,4,"",2,01/08/16 05:13 AM
32,G4,32-G4,"27,874.54","18,966.99","5,379.98",4,4,"",2,01/08/16 05:13 AM
32,D5,32-D5,"14,178.11","9,291.1","2,734.52",5,5,"",2,01/08/16 05:13 AM
32,G5,32-G5,"22,296.49","15,904.8","3,116.92",5,5,"",2,01/08/16 05:13 AM
32,D6,32-D6,"16,625.3","11,622.86","2,677.51",6,6,"",2,01/08/16 05:13 AM
32,G6,32-G6,"18,066.6","12,367.84","3,022.96",6,6,"",2,01/08/16 05:13 AM
32,D7,32-D7,"13,995.87","9,364.57","2,632.14",7,7,"",2,01/08/16 05:13 AM
32,G7,32-G7,"16,994.44","12,878.79","2,123.47",7,7,"",2,01/08/16 05:13 AM
32,D8,32-D8,"15,944.39","10,924.8","2,827.8",8,8,"",2,01/08/16 05:13 AM
32,G8,32-G8,"15,072.01","10,935.38","2,100.36",8,8,"",2,01/08/16 05:13 AM
32,D9,32-D9,"14,237.75","9,333.93","2,640.64",9,9,"",2,01/08/16 05:13 AM
32,G9,32-G9,"16,076.37","11,921.03","2,034.13",9,9,"",2,01/08/16 05:13 AM
32P,00,32P-00,"120,073.68","109,514.6","5,530.95",-1,-1,"",3,01/08/16 05:13 AM
32P,000,32P-000,"119,279.6","109,753.55","4,738.87",-2,-2,"",3,01/08/16 05:13 AM
33,0,33-0,"9,986.83","7,123.17","1,594.26",0,0,"",2,01/08/16 05:13 AM
33,1,33-1,"13,421.36","8,864.38","3,276.14",1,1,"",2,01/08/16 05:13 AM
33,2,33-2,"12,052.44","7,488.31","3,351.3",2,2,"",2,01/08/16 05:13 AM
33,3,33-3,"9,643.4","6,330.24","2,295.45",3,3,"",2,01/08/16 05:13 AM
33,4,33-4,"9,675.13","6,300.09","2,548.6",4,4,"",2,01/08/16 05:13 AM
33,5,33-5,267.01,0,190.51,5,5,"",2,01/08/16 05:13 AM
34,0,34-0,"2,524.12",310.02,"1,860.9",0,0,"",2,01/08/16 05:13 AM
34,1,34-1,"5,708.35","2,930.14","2,240.34",1,1,"",2,01/08/16 05:13 AM
34,2,34-2,"2,380.28",951.1,859.81,2,2,"",2,01/08/16 05:13 AM
34,3,34-3,"5,563.78","2,752.53","2,185.08",3,3,"",2,01/08/16 05:13 AM
34,4,34-4,"5,563.1","3,770.53","1,223.67",4,4,"",2,01/08/16 05:13 AM
34,5,34-5,"5,226.42","3,972.19",760.22,5,5,"",2,01/08/16 05:13 AM
35,0,35-0,"13,914.52","8,127.99","4,224.21",0,0,"",2,01/08/16 05:13 AM
35,1,35-1,"13,354.35","9,458.76","2,486.44",1,1,"",2,01/08/16 05:13 AM
35,2,35-2,"13,393.83","8,333.46","3,401.31",2,2,"",2,01/08/16 05:13 AM
35,3,35-3,"11,766.68","6,788.12","3,792.04",3,3,"",2,01/08/16 05:13 AM
35,4,35-4,"13,453.03","8,069.27","3,994.77",4,4,"",2,01/08/16 05:13 AM
35,5,35-5,"2,129.91",884.86,905.46,5,5,"",2,01/08/16 05:13 AM
36,0,36-0,"21,248.22","3,095.86","16,017.37",0,0,"",2,01/08/16 05:13 AM
36,1,36-1,"14,737.37","7,968.75","5,284.15",1,1,"",2,01/08/16 05:13 AM
36,2,36-2,"14,716.09","8,740.51","4,392.11",2,2,"",2,01/08/16 05:13 AM
36,3,36-3,"14,720.94","8,678.05","4,433.83",3,3,"",2,01/08/16 05:13 AM
36,4,36-4,"14,735.51","8,700.99","4,458.48",4,4,"",2,01/08/16 05:13 AM
36,5,36-5,"14,735.51","8,681.64","4,395.68",5,5,"",2,01/08/16 05:13 AM
36,6,36-6,"15,277.37","8,938.46","4,560.7",6,6,"",2,01/08/16 05:13 AM
36,7,36-7,"14,558.37","8,961.59","3,940.15",7,7,"",2,01/08/16 05:13 AM
36,8,36-8,"14,722.83","7,775.35","5,375.64",8,8,"",2,01/08/16 05:13 AM
36,9,36-9,"6,367.19",0,"5,788.99",9,9,"",2,01/08/16 05:13 AM
37,0,37-0,"12,144.65","4,887.29","5,803.82",0,0,"",2,01/08/16 05:13 AM
37,1,37-1,"10,998.08","4,480.13","5,560.35",1,1,"",2,01/08/16 05:13 AM
37,2,37-2,"15,197.04","8,957.97","4,905.16",2,2,"",2,01/08/16 05:13 AM
37,3,37-3,"15,161.21","9,347.68","3,276.31",3,3,"",2,01/08/16 05:13 AM
37,4,37-4,"15,201.44","9,354.74","3,178.37",4,4,"",2,01/08/16 05:13 AM
37,5,37-5,"14,863.75","9,554.34","2,807.95",5,5,"",2,01/08/16 05:13 AM
37,6,37-6,"14,876.92","9,379.36","2,996.35",6,6,"",2,01/08/16 05:13 AM
37,7,37-7,"4,389.75",0,"3,988.6",7,7,"",2,01/08/16 05:13 AM
38,0,38-0,"11,633.85","6,584.64","4,201.19",0,0,"",2,01/08/16 05:13 AM
38,1,38-1,"11,296.74","7,803.66","2,257.69",1,1,"",2,01/08/16 05:13 AM
38,2,38-2,"11,461.73","7,854.47","2,380.08",2,2,"",2,01/08/16 05:13 AM
38,3,38-3,"11,461.73","8,131.46","2,069.51",3,3,"",2,01/08/16 05:13 AM
38,4,38-4,"11,461.73","8,042.05","2,140.96",4,4,"",2,01/08/16 05:13 AM
38,5,38-5,"11,461.73","8,886.19","1,416.31",5,5,"",2,01/08/16 05:13 AM
38,6,38-6,"11,434.22","8,860.12","1,482.79",6,6,"",2,01/08/16 05:13 AM
38,7,38-7,"4,117.73",0,"3,940.03",7,7,"",2,01/08/16 05:13 AM
39,0,39-0,"4,492.81","1,467.09","2,391.58",0,0,"",2,01/08/16 05:13 AM
39,1,39-1,"2,985.12",652.68,"1,929.53",1,1,"",2,01/08/16 05:13 AM
39,2,39-2,"12,366.07","8,782.59","2,635.33",2,2,"",2,01/08/16 05:13 AM
39,3,39-3,"12,414.57","8,396.54","3,185",3,3,"",2,01/08/16 05:13 AM
39,4,39-4,"12,375.11","8,412.56","2,761.54",4,4,"",2,01/08/16 05:13 AM
39,5,39-5,"12,369.49","7,011.14","4,113.66",5,5,"",2,01/08/16 05:13 AM
39,6,39-6,"12,369.38","4,530.26","6,818.64",6,6,"",2,01/08/16 05:13 AM
39,7,39-7,"6,435.67",0,"6,140.3",7,7,"",2,01/08/16 05:13 AM
41,0,41-0,"8,106.17","6,447.59","1,210.16",0,0,"",2,01/08/16 05:13 AM
41,1,41-1,"8,104.94","6,686.98",940.88,1,1,"",2,01/08/16 05:13 AM
41,2,41-2,"8,099.58","5,739.7","1,815.64",2,2,"",2,01/08/16 05:13 AM
41,3,41-3,"1,767.99","1,189.6",395.12,3,3,"",2,01/08/16 05:13 AM
42,00,42-00,"11,927.83",0,"11,926.24",-1,00,"",3,01/08/16 05:13 AM
42,0,42-0,"22,502.48","2,009.14","18,630.06",0,0,"",2,01/08/16 05:13 AM
42,1,42-1,"8,021.13",554.75,"5,880.16",1,1,"",2,01/08/16 05:13 AM
42,2,42-2,"21,132.5",371.74,"19,175.9",2,2,"",2,01/08/16 05:13 AM
42,3,42-3,"12,714.66","1,444.37","9,655.09",3,3,"",2,01/08/16 05:13 AM
42,3M,42-3M,"2,751.89",0,"2,608.68",4,4,"",1,01/08/16 05:13 AM
42T,00,42T-00,"11,247.27",0,"11,247.27",-1,00,"",1,01/08/16 05:13 AM
43,0,43-0,"3,303.42",0,"3,047.28",0,0,"",2,01/08/16 05:13 AM
43,1,43-1,"3,327.75","2,624.12",433.94,1,1,"",2,01/08/16 05:13 AM
43,2,43-2,"3,742.78","2,818.99",616.44,2,2,"",2,01/08/16 05:13 AM
44,0,44-0,"9,066.19","7,422.3",458.21,0,0,"",2,01/08/16 05:13 AM
44,1,44-1,"7,052.42","4,194","2,258.99",1,1,"",2,01/08/16 05:13 AM
46,0,46-0,"5,343.25",0,"4,691.42",0,1,"",2,01/08/16 05:13 AM
46,1,46-1,"39,879.64","18,786.29","15,022",1,1,"",2,01/08/16 05:13 AM
46,2,46-2,"37,431.22","17,473.15","14,169.86",2,2,"",2,01/08/16 05:13 AM
46,3,46-3,"60,265.8","33,511.59","20,369.16",3,3,"",2,01/08/16 05:13 AM
46,4,46-4,"60,171.98","37,597.71","16,039.4",4,4,"",2,01/08/16 05:13 AM
46,5,46-5,"62,098.69","39,851.7","15,555.9",5,5,"",2,01/08/16 05:13 AM
46,6,46-6,"60,667.33","38,066.76","15,594.01",6,6,"",2,01/08/16 05:13 AM
46,7,46-7,"57,623.06","33,389.43","17,111.89",7,7,"",0,01/08/16 05:13 AM
46,8,46-8,"34,817.86",0,"33,776.78",8,8,"",2,01/08/16 05:13 AM
46,9,46-9,363.76,0,295.31,9,9,"",2,01/08/16 05:13 AM
48,00,48-00,162.25,0,162.25,-1,00,"",3,01/08/16 05:13 AM
48,0,48-0,"11,819.8","6,680.51","3,698.64",0,0,"",2,01/08/16 05:13 AM
48,1,48-1,"11,460.64","8,933.72","1,150.1",1,1,"",2,01/08/16 05:13 AM
48,2,48-2,"9,924.37","7,079.52","1,386.45",2,2,"",2,01/08/16 05:13 AM
48,3,48-3,"11,459.64","7,818.56","2,035.7",3,3,"",2,01/08/16 05:13 AM
48,4,48-4,"11,266.6","8,034.87","1,872.52",4,4,"",2,01/08/16 05:13 AM
48,5,48-5,"1,133.85",0,954.98,5,5,"",2,01/08/16 05:13 AM
50,0,50-0,"23,388.34","13,148.37","7,962.42",0,0,"",2,01/08/16 05:13 AM
50,1,50-1,"18,371.44","13,512.71","3,525.11",1,1,"",2,01/08/16 05:13 AM
50,2,50-2,"12,513.27","5,921.89","5,358.11",2,2,"",2,01/08/16 05:13 AM
50,3,50-3,"18,815.29","13,873.76","3,631.1",3,3,"",2,01/08/16 05:13 AM
50,4,50-4,614.93,0,239.55,4,4,"",2,01/08/16 05:13 AM
51,0,51-0,"5,220.94","4,188.19",619.06,0,0,"",2,01/08/16 05:13 AM
51,1,51-1,668.39,262.21,290.63,1,1,"",2,01/08/16 05:13 AM
54,00,54-00,"7,156.04","1,293.85","5,040.27",-1,-1,"",3,01/08/16 05:13 AM
54,0,54-0,"1,904.41",0,"1,621.49",0,0,"",2,01/08/16 05:13 AM
54,1,54-1,"8,317.03","4,873.75","2,432.92",1,1,"",2,01/08/16 05:13 AM
54,10,54-10,"5,855.69","3,606.48","1,556.7",10,10,"",2,01/08/16 05:13 AM
54,11,54-11,"5,855.69","3,662.47","1,445.41",11,11,"",2,01/08/16 05:13 AM
54,12,54-12,"5,855.69","3,571.31","1,561.35",12,12,"",2,01/08/16 05:13 AM
54,13,54-13,"5,855.69","3,640.28","1,512.13",13,13,"",2,01/08/16 05:13 AM
54,14,54-14,"5,855.69","3,594.88","1,511.63",14,14,"",2,01/08/16 05:13 AM
54,15,54-15,"5,855.69","3,612.78","1,511.63",15,15,"",2,01/08/16 05:13 AM
54,16,54-16,"5,855.69","3,629.86","1,511.63",16,16,"",2,01/08/16 05:13 AM
54,17,54-17,"5,855.69","3,558","1,561.68",17,17,"",2,01/08/16 05:13 AM
54,18,54-18,"5,855.69","3,559.26","1,562.56",18,18,"",2,01/08/16 05:13 AM
54,19,54-19,"5,855.69",529.94,"4,693.01",19,19,"",2,01/08/16 05:13 AM
54,2,54-2,"5,855.69","4,149.31",883.81,2,2,"",2,01/08/16 05:13 AM
54,20,54-20,"5,855.69",110,"4,349.05",20,20,"",2,01/08/16 05:13 AM
54,21,54-21,761.57,706.22,32.78,21,21,"",2,01/08/16 05:13 AM
54,3,54-3,"5,855.69","3,456.94","1,659.34",3,3,"",2,01/08/16 05:13 AM
54,4,54-4,"5,855.69","3,618.78","1,511.63",4,4,"",2,01/08/16 05:13 AM
54,5,54-5,"5,855.69","3,559.64","1,561.35",5,5,"",2,01/08/16 05:13 AM
54,6,54-6,"5,855.69","3,609.03","1,514.73",6,6,"",2,01/08/16 05:13 AM
54,7,54-7,"5,855.69","3,648.99","1,476.46",7,7,"",2,01/08/16 05:13 AM
54,8,54-8,"5,855.69","3,626.69","1,511.63",8,8,"",2,01/08/16 05:13 AM
54,9,54-9,"5,855.69","3,517.73","1,612.86",9,9,"",2,01/08/16 05:13 AM
56,00,56-00,"13,359.03",380.46,"10,881.78",-1,-1,"",3,01/08/16 05:13 AM
56,0,56-0,"13,801.78","7,188.77","4,763.96",0,0,"",2,01/08/16 05:13 AM
56,1,56-1,"13,522.66","7,481.7","4,969.48",1,1,"",2,01/08/16 05:13 AM
56,2,56-2,"13,489.58","8,705.28","3,431.85",2,2,"",2,01/08/16 05:13 AM
56,3,56-3,"13,480.63","8,854.9","3,299.38",3,3,"",2,01/08/16 05:13 AM
56,4,56-4,"13,478.25","8,895.21","3,336.68",4,4,"",2,01/08/16 05:13 AM
56,5,56-5,"13,479.24","8,878.25","3,251.88",5,5,"",2,01/08/16 05:13 AM
56,6,56-6,"13,492.29","9,016.27","3,194.02",6,6,"",2,01/08/16 05:13 AM
56,7,56-7,"13,492.29","9,045.72","3,121.24",7,7,"",2,01/08/16 05:13 AM
56,8,56-8,"13,487.71","9,668.96","2,248.93",8,8,"",0,01/08/16 05:13 AM
56,9,56-9,"8,598.38",0,"7,776.16",9,9,"",2,01/08/16 05:13 AM
57,0,57-0,"6,468.11",33.43,"4,881.46",0,0,"",2,01/08/16 05:13 AM
57,1,57-1,"25,168.48","19,217.62","3,133.31",1,1,"",2,01/08/16 05:13 AM
57,2,57-2,"5,776.99","3,474.93","1,553.81",2,2,"",2,01/08/16 05:13 AM
57,3,57-3,"1,707.46",0,947.94,3,3,"",2,01/08/16 05:13 AM
62,0,62-0,"13,215.12","8,113.5","3,475.18",0,0,"",2,01/08/16 05:13 AM
62,1,62-1,"12,852.17","9,026.89","2,613.16",1,1,"",2,01/08/16 05:13 AM
62,2,62-2,"12,836.05","8,420.97","3,265.23",2,2,"",2,01/08/16 05:13 AM
62,3,62-3,"12,886.92","8,461.37","3,183.39",3,3,"",2,01/08/16 05:13 AM
62,4,62-4,"12,681.91","8,128.82","3,340.59",4,4,"",2,01/08/16 05:13 AM
62,5,62-5,"12,681.83","8,421.23","3,059",5,5,"",2,01/08/16 05:13 AM
62H,0,62H-0,"4,398.34","3,174.46",650.77,0,0,"",2,01/08/16 05:13 AM
62H,1,62H-1,"4,413.58","2,699.32","1,265.45",1,1,"",2,01/08/16 05:13 AM
62H,2,62H-2,"4,397.02","2,780.52","1,202.39",2,2,"",2,01/08/16 05:13 AM
62H,3,62H-3,"4,454.96","2,853.15","1,161.38",3,3,"",2,01/08/16 05:13 AM
62H,4,62H-4,"4,377.39","2,605.78","1,341.85",4,4,"",2,01/08/16 05:13 AM
62H,5,62H-5,"4,370.53","2,819.71","1,138.66",5,5,"",2,01/08/16 05:13 AM
62M,0,62M-0,"4,548.86","3,120.01",840.51,0,0,"",2,01/08/16 05:13 AM
62M,1,62M-1,"4,223.44","3,574.24",291.51,1,1,"",2,01/08/16 05:13 AM
62M,2,62M-2,"4,227.6","2,890.27",978.23,2,2,"",2,01/08/16 05:13 AM
62M,3,62M-3,"4,228.35","2,869.96",960.17,3,3,"",2,01/08/16 05:13 AM
62M,4,62M-4,"4,170.08","2,831.52",949.35,4,4,"",2,01/08/16 05:13 AM
NW14,2,NW14-2,"38,807.86","31,346.54","4,948.56",2,2,"",2,01/08/16 05:13 AM
NW14,3,NW14-3,"14,625.6","8,855.85","4,153.99",3,3,"",2,01/08/16 05:13 AM
NW14,4,NW14-4,"9,845.29","5,864.87","2,876.9",4,4,"",2,01/08/16 05:13 AM
NW14,5,NW14-5,"9,918.77","6,090.8","2,735.78",5,5,"",2,01/08/16 05:13 AM
NW14,6,NW14-6,"1,453.59",0,"1,341.88",6,6,"",2,01/08/16 05:13 AM
NW15,0,NW15-0,"8,029.44","7,217.57",250.75,0,0,"",2,01/08/16 05:13 AM
NW15,1,NW15-1,"8,107.85","7,551.29",27.04,1,1,"",2,01/08/16 05:13 AM
NW16,0,NW16-0,"16,100.33","9,558.68","5,446.75",0,0,"",2,01/08/16 05:13 AM
NW16,1,NW16-1,"16,012.24","10,719.83","3,739.18",1,1,"",2,01/08/16 05:13 AM
NW16,2,NW16-2,"17,896.86","11,067.9","5,138.06",2,2,"",2,01/08/16 05:13 AM
NW16,3,NW16-3,138.96,0,116.38,3,3,"",2,01/08/16 05:13 AM
NW17,0,NW17-0,"16,348.75","10,169.06","4,498.86",0,0,"",2,01/08/16 05:13 AM
NW17,1,NW17-1,"12,780.68","7,347.69","3,576.58",1,1,"",2,01/08/16 05:13 AM
NW17,2,NW17-2,"16,268.03","10,156.79","4,216.56",2,2,"",2,01/08/16 05:13 AM
NW20,0,NW20-0,157.58,140.92,0,0,0,"",2,01/08/16 05:13 AM
NW20,1,NW20-1,"5,627.12","5,151.06",0,1,1,"",2,01/08/16 05:13 AM
NW21,0,NW21-0,"42,226.13","5,256.88","33,806.14",0,0,"",2,01/08/16 05:13 AM
NW21,1,NW21-1,"65,807.78","50,478.66","9,546.14",1,1,"",2,01/08/16 05:13 AM
NW21,2,NW21-2,"12,102.81","9,264.78","1,431.47",2,2,"",2,01/08/16 05:13 AM
NW22,0,NW22-0,"16,266.66","13,260.58","2,077.97",0,0,"",2,01/08/16 05:13 AM
NW22,1,NW22-1,"16,335.37","13,005.53","1,899.79",1,1,"",2,01/08/16 05:13 AM
NW22,2,NW22-2,"16,034.19","12,958.55","1,556.91",2,2,"",2,01/08/16 05:13 AM
NW22,3,NW22-3,352.95,0,99.21,3,3,"",1,01/08/16 05:13 AM
NW30,0,NW30-0,"19,937.18","9,390.84","7,878.53",0,0,"",2,01/08/16 05:13 AM
NW30,1,NW30-1,"19,950.84","12,115","4,905.75",1,1,"",2,01/08/16 05:13 AM
NW30,2,NW30-2,"19,948.24","12,567.42","4,531.27",2,2,"",2,01/08/16 05:13 AM
NW30,3,NW30-3,"19,948.65","12,563.8","4,504.33",3,3,"",2,01/08/16 05:13 AM
NW30,4,NW30-4,"5,094.7","3,492.65",836.16,4,4,"",2,01/08/16 05:13 AM
NW30,5,NW30-5,932.58,30.5,526.59,5,5,"",2,01/08/16 05:13 AM
NW35,1,NW35-1,"56,182.41","32,479.58","16,131.72",1,1,"",2,01/08/16 05:13 AM
NW35,2,NW35-2,"57,633.61","36,666.75","12,940.78",2,2,"",2,01/08/16 05:13 AM
NW35,3,NW35-3,"62,325.35","39,320.14","12,733.09",3,3,"",2,01/08/16 05:13 AM
NW35,4,NW35-4,"38,346.79","24,457.09","8,217.02",4,4,"",2,01/08/16 05:13 AM
NW35,5,NW35-5,"38,347.33","24,717.33","8,050.74",5,5,"",2,01/08/16 05:13 AM
NW61,0,NW61-0,"7,674.18","4,604.96","1,883.27",0,0,"",2,01/08/16 05:13 AM
NW61,1,NW61-1,"7,919.46","5,126.91","1,466.22",1,1,"",2,01/08/16 05:13 AM
NW61,2,NW61-2,"7,958.63","5,280.74","1,413.65",2,2,"",2,01/08/16 05:13 AM
NW61,3,NW61-3,"7,958.63","5,277.26","1,413.64",3,3,"",2,01/08/16 05:13 AM
NW61,4,NW61-4,"7,958.63","5,277.26","1,413.64",4,4,"",2,01/08/16 05:13 AM
NW86,1,NW86-1,"50,758.65","30,489.57","13,459.77",1,1,"",2,01/08/16 05:13 AM
NW86,10,NW86-10,872.44,0,650.73,10,10,"",2,01/08/16 05:13 AM
NW86,2,NW86-2,"49,654.78","35,444.2","7,574.88",2,2,"",2,01/08/16 05:13 AM
NW86,3,NW86-3,"51,297.81","36,338.19","8,484.04",3,3,"",2,01/08/16 05:13 AM
NW86,4,NW86-4,"49,551.53","35,541.04","7,653.29",4,4,"",2,01/08/16 05:13 AM
NW86,5,NW86-5,"51,229.39","36,178.44","8,400.02",5,5,"",2,01/08/16 05:13 AM
NW86,6,NW86-6,"36,156.12","25,665.49","5,584.93",6,6,"",2,01/08/16 05:13 AM
NW86,7,NW86-7,"25,188.22","17,365.78","4,562.04",7,7,"",2,01/08/16 05:13 AM
NW86,8,NW86-8,"23,863.67","17,133.96","3,512.15",8,8,"",2,01/08/16 05:13 AM
NW86,9,NW86-9,"24,114.21","17,212.07","3,918.95",9,9,"",2,01/08/16 05:13 AM
NW86P,0,NW86P-0,"52,869.94","42,666.46","6,075.51",0,0,"",2,01/08/16 05:13 AM
OC1,00,OC1-00,"3,455.76",487.84,"1,898.79",-1,00,"",3,01/08/16 05:13 AM
OC1,0,OC1-0,"6,440.51","3,321.79","1,919.31",0,0,"",2,01/08/16 05:13 AM
OC1,1,OC1-1,"6,340.61","4,121.74","1,198.96",1,1,"",2,01/08/16 05:13 AM
OC1,2,OC1-2,"5,927.08","3,841.81","1,013.52",2,2,"",2,01/08/16 05:13 AM
OC1,3,OC1-3,"4,290.42","2,797.18",861.18,3,3,"",2,01/08/16 05:13 AM
OC1,4,OC1-4,"2,759.81","2,659.08",69.86,4,4,"",2,01/08/16 05:13 AM
OC1A,0,OC1A-0,"2,793.97","1,288.08",905.26,0,0,"",2,01/08/16 05:13 AM
OC1A,1,OC1A-1,"9,939.25","7,198.77","1,676.97",1,1,"",2,01/08/16 05:13 AM
OC1A,2,OC1A-2,"2,403.06","1,196.75",769.27,2,2,"",2,01/08/16 05:13 AM
OC6,1,OC6-1,"2,200.92","1,282.67",0,1,1,"",2,01/08/16 05:13 AM
OC100,6,OC100-6,"2,649.3","1,891.48",16.82,6,6,"",2,01/08/16 05:13 AM
OC11,4,OC11-4,"4,982.15","3,178.81",0,4,4,"",2,01/08/16 05:13 AM
OC11,7,OC11-7,"3,807.38","3,451.9",0,7,7,"",2,01/08/16 05:13 AM
OC19A,1,OC19A-1,"6,766.98","5,452.11",715.94,1,1,"",2,01/08/16 05:13 AM
OC19B,0,OC19B-0,"3,371.85","2,260.72",343.78,0,0,"",2,01/08/16 05:13 AM
OC19B,1,OC19B-1,"10,439.04","8,166.26","1,234.41",1,1,"",2,01/08/16 05:13 AM
OC19C,0,OC19C-0,"6,081.18","5,375.22",11.05,0,"","",2,01/08/16 05:13 AM
OC19D,1,OC19D-1,"7,760.09","7,211.92",0,1,1,"",2,01/08/16 05:13 AM
OC19E,2,OC19E-2,397.3,0,114.54,2,"","",1,01/08/16 05:13 AM
OC19E,1,OC19E-1,"2,661.24","2,225.79",103.52,1,1,"",2,01/08/16 05:13 AM
OC19F,0,OC19F-0,664.22,359.15,0,0,"","",2,01/08/16 05:13 AM
OC19F,1,OC19F-1,"40,156.7","26,883.45","3,837.01",1,1,"",2,01/08/16 05:13 AM
OC19F,2,OC19F-2,"4,051.85",671.26,659.9,2,2,"",2,01/08/16 05:13 AM
OC19F,3,OC19F-3,"5,027.26",804.71,"1,371.3",3,3,"",2,01/08/16 05:13 AM
OC19F,4,OC19F-4,"3,931.96",149.42,917.28,4,4,"",2,01/08/16 05:13 AM
OC19F,5,OC19F-5,"4,272.55","2,970.34",983.09,5,5,"",2,01/08/16 05:13 AM
OC19G,1,OC19G-1,454.61,372.3,13.64,1,1,"",2,01/08/16 05:13 AM
OC19H,1,OC19H-1,"14,197.89","12,290.77",805.28,1,"","",1,01/08/16 05:13 AM
OC19H,2,OC19H-2,"8,962.33","6,847.87","1,176.07",2,"","",1,01/08/16 05:13 AM
OC19J,1,OC19J-1,400.94,348.95,0,1,"","",1,01/08/16 05:13 AM
OC19K,0,OC19K-0,"26,980.91","20,454.36",158.61,0,"","",1,01/08/16 05:13 AM
OC19K,1,OC19K-1,"23,901.84","19,569.87",587.85,1,"","",1,01/08/16 05:13 AM
OC19K,2,OC19K-2,"4,724.59",111.96,"4,014.03",2,"","",1,01/08/16 05:13 AM
OC19L,1,OC19L-1,"2,644.67","2,299.14",0,1,"","",1,01/08/16 05:13 AM
OC19M,1,OC19M-1,"2,225.34","2,062.22",0,1,"","",1,01/08/16 05:13 AM
OC19N,1,OC19N-1,"8,141.95","7,683.4",143.22,1,"","",1,01/08/16 05:13 AM
OC19Q,1,OC19Q-1,241.54,188.14,2.51,1,"","",1,01/08/16 05:13 AM
OC20,1,OC20-1,"18,690.22","18,153.93",0,1,1,"",2,01/08/16 05:13 AM
OC21,1,OC21-1,"2,578.17","2,302.46",0,1,1,"",2,01/08/16 05:13 AM
OC21,2,OC21-2,531.77,512.73,0,2,2,"",2,01/08/16 05:13 AM
OC22,1,OC22-1,881.78,794.16,0.03,1,1,"",2,01/08/16 05:13 AM
OC23,0,OC23-0,"1,508.09","1,224.67",0,0,0,"",2,01/08/16 05:13 AM
OC23,1,OC23-1,526.29,392.58,0,1,1,"",2,01/08/16 05:13 AM
OC24,1,OC24-1,"9,060.39","7,042.49",849.63,1,1,"",2,01/08/16 05:13 AM
OC25,1,OC25-1,"42,922.56","32,925.58","4,266.76",1,1,"",2,01/08/16 05:13 AM
OC26,1,OC26-1,"1,396.85","1,220.02",30.67,1,1,"",2,01/08/16 05:13 AM
OC31,1,OC31-1,"11,485","6,872.07","3,491.64",1,1,"",2,01/08/16 05:13 AM
OC31,2,OC31-2,"9,678.64","6,374.91","2,393.2",2,2,"",2,01/08/16 05:13 AM
OC31A,1,OC31A-1,"2,989.21","2,567.45",151.48,1,1,"",2,01/08/16 05:13 AM
OC32,0,OC32-0,"9,366.31","6,831.32","1,748.68",0,0,"",2,01/08/16 05:13 AM
OC32,1,OC32-1,"9,269.07","7,981.2",677.11,1,1,"",2,01/08/16 05:13 AM
OC32A,1,OC32A-1,"1,585.32",0,"1,180.83",1,1,"",2,01/08/16 05:13 AM
OC32B,1,OC32B-1,132.03,116.25,0,1,1,"",2,01/08/16 05:13 AM
OC33,0,OC33-0,863.5,723.32,8.07,0,0,"",2,01/08/16 05:13 AM
OC33,1,OC33-1,"11,558.25","7,948.65","2,455.42",1,1,"",2,01/08/16 05:13 AM
OC35,1,OC35-1,"14,484.27","8,950.5","4,068.84",1,1,"",2,01/08/16 05:13 AM
OC35,2,OC35-2,"11,350","7,810.51","2,316.39",2,2,"",2,01/08/16 05:13 AM
OC36,1,OC36-1,"6,910.33","4,364.63","1,851.64",1,1,"",2,01/08/16 05:13 AM
OC36A,1,OC36A-1,960,912.58,0,1,1,"",2,01/08/16 05:13 AM
OC40,2,OC40-2,"1,469.02","1,469.03",0,2,2,"",3,01/08/16 05:13 AM
W1,0,W1-0,"33,054.34","15,290.16","11,577.21",0,0,"",2,01/08/16 05:13 AM
W1,1,W1-1,"26,949.26","16,563.61","5,376.68",1,1,"",2,01/08/16 05:13 AM
W1,2,W1-2,"25,795.36","14,816.08","5,307.31",2,2,"",2,01/08/16 05:13 AM
W1,3,W1-3,"25,807.01","15,102.39","5,008.49",3,3,"",2,01/08/16 05:13 AM
W1,4,W1-4,"25,807.01","14,878.14","5,296.2",4,4,"",2,01/08/16 05:13 AM
W1,5,W1-5,"25,806.99","15,261.64","5,251.19",5,5,"",2,01/08/16 05:13 AM
W1,6,W1-6,"25,798.46","15,606.74","4,930.61",6,6,"",2,01/08/16 05:13 AM
W1,7,W1-7,922.68,0,843.95,7,7,"",2,01/08/16 05:13 AM
W2,0,W2-0,"2,489.96","1,678.16",422.19,0,0,"",2,01/08/16 05:13 AM
W2,1,W2-1,"2,834.06","1,110.39","1,231.39",1,1,"",2,01/08/16 05:13 AM
W2,2,W2-2,"2,448.52","1,322.96",695.6,2,2,"",2,01/08/16 05:13 AM
W2,3,W2-3,"1,826.78","1,104.95",402.24,3,3,"",2,01/08/16 05:13 AM
W4,0,W4-0,"18,360.31","6,571.75","9,819.05",0,0,"",2,01/08/16 05:13 AM
W4,1,W4-1,"27,043.25","15,263.87","8,749.55",1,1,"",2,01/08/16 05:13 AM
W4,2,W4-2,"13,249.34","8,073.82","3,131.47",2,2,"",2,01/08/16 05:13 AM
W4,3,W4-3,"12,786.99","6,816.81","3,810.55",3,3,"",2,01/08/16 05:13 AM
W4,4,W4-4,"12,803.63","6,723.75","3,922.82",4,4,"",2,01/08/16 05:13 AM
W4,5,W4-5,"12,803.63","6,847.3","3,815.59",5,5,"",2,01/08/16 05:13 AM
W4,6,W4-6,"12,803.63","6,723.75","3,919.03",6,6,"",2,01/08/16 05:13 AM
W4,7,W4-7,"12,803.63","6,847.3","3,814.84",7,7,"",2,01/08/16 05:13 AM
W4,8,W4-8,"6,335.15","2,964.36","2,419.15",8,8,"",2,01/08/16 05:13 AM
W5,0,W5-0,"3,852.55","1,462.88","1,626.97",0,0,"",2,01/08/16 05:13 AM
W5,1,W5-1,"3,787.97","2,103.64",980.48,1,1,"",2,01/08/16 05:13 AM
W5,2,W5-2,"3,791.15","2,081.88","1,004.59",2,2,"",2,01/08/16 05:13 AM
W5,3,W5-3,"3,787.97","2,088.85",988.79,3,3,"",2,01/08/16 05:13 AM
W5,4,W5-4,"3,791.32","2,088.34",992.72,4,4,"",2,01/08/16 05:13 AM
W7,0,W7-0,"26,550.55","15,589.86","8,759.55",0,0,"",2,01/08/16 05:13 AM
W7,1,W7-1,"20,408.23","11,813.87","6,118.44",1,1,"",2,01/08/16 05:13 AM
W7,2,W7-2,"16,225.04","9,433.74","4,962.78",2,2,"",2,01/08/16 05:13 AM
W7,3,W7-3,"16,465.9","9,812.57","4,903.69",3,3,"",2,01/08/16 05:13 AM
W7,4,W7-4,"16,909.94","9,885.31","5,245.94",4,4,"",2,01/08/16 05:13 AM
W7,5,W7-5,"16,929.92","10,285.24","4,934.89",5,5,"",2,01/08/16 05:13 AM
W7,6,W7-6,"17,119.11","10,365","5,055.22",6,6,"",2,01/08/16 05:13 AM
W7,7,W7-7,"2,490.73",238.22,"1,651.53",7,7,"",2,01/08/16 05:13 AM
W8,0,W8-0,"10,900.15","8,843.45","1,379.02",0,0,"",2,01/08/16 05:13 AM
W8,1,W8-1,"10,810.57","7,770.03","2,342.44",1,1,"",2,01/08/16 05:13 AM
W11,0,W11-0,"5,733.62","3,659.71","1,363.29",0,0,"",2,01/08/16 05:13 AM
W11,1,W11-1,"7,856.79","4,262.58","2,789.01",1,1,"",2,01/08/16 05:13 AM
W15,0,W15-0,"2,459.45",846.01,"1,331.15",0,0,"",2,01/08/16 05:13 AM
62M,5,62M-5,"4,170.08","2,839.96",940.99,5,5,"",2,01/08/16 05:13 AM
62W,0,62W-0,"4,267.92","1,819.03","1,983.9",0,0,"",2,01/08/16 05:13 AM
62W,1,62W-1,"4,215.15","2,753.33","1,056.2",1,1,"",2,01/08/16 05:13 AM
62W,2,62W-2,"4,211.43","2,750.18","1,084.61",2,2,"",2,01/08/16 05:13 AM
62W,3,62W-3,"4,203.61","2,738.26","1,061.84",3,3,"",2,01/08/16 05:13 AM
62W,4,62W-4,"4,134.44","2,691.52","1,049.39",4,4,"",2,01/08/16 05:13 AM
62W,5,62W-5,"4,141.22","2,761.56",979.35,5,5,"",2,01/08/16 05:13 AM
64,0,64-0,"12,371.33","7,259.28","3,539.58",0,0,"",2,01/08/16 05:13 AM
64,1,64-1,"12,212.26","8,172.33","2,845.11",1,1,"",2,01/08/16 05:13 AM
64,2,64-2,"12,212.26","8,461.38","2,568.05",2,2,"",2,01/08/16 05:13 AM
64,3,64-3,"12,212.26","8,217.54","2,796.97",3,3,"",2,01/08/16 05:13 AM
64,4,64-4,"12,212.26","8,027.12","2,988.37",4,4,"",2,01/08/16 05:13 AM
64,5,64-5,"12,212.26","8,321.74","2,698.59",5,5,"",2,01/08/16 05:13 AM
64B,0,64B-0,"3,916.92","1,723.83","1,652.14",0,0,"",2,01/08/16 05:13 AM
64B,1,64B-1,"3,947.95","2,479.96","1,057.76",1,1,"",2,01/08/16 05:13 AM
64B,2,64B-2,"3,947.95","2,633.54",903.98,2,2,"",2,01/08/16 05:13 AM
64B,3,64B-3,"3,947.95","2,633.54",905.24,3,3,"",2,01/08/16 05:13 AM
64B,4,64B-4,"3,947.95","2,479.96","1,057.97",4,4,"",2,01/08/16 05:13 AM
64B,5,64B-5,"3,947.95","2,633.54",906.17,5,5,"",2,01/08/16 05:13 AM
64G,0,64G-0,"4,234.25","2,751.24",934.05,0,0,"",2,01/08/16 05:13 AM
64G,1,64G-1,"4,110.63","2,816.42",902.41,1,1,"",2,01/08/16 05:13 AM
64G,2,64G-2,"4,110.63","2,938.41",780.42,2,2,"",2,01/08/16 05:13 AM
64G,3,64G-3,"4,110.63","2,816.42",902,3,3,"",2,01/08/16 05:13 AM
64G,4,64G-4,"4,110.63","2,797.92",921.43,4,4,"",2,01/08/16 05:13 AM
64G,5,64G-5,"4,110.63","2,920.7",801.69,5,5,"",2,01/08/16 05:13 AM
64W,0,64W-0,"4,220.16","2,784.21",953.39,0,0,"",2,01/08/16 05:13 AM
64W,1,64W-1,"4,153.68","2,875.95",884.94,1,1,"",2,01/08/16 05:13 AM
64W,2,64W-2,"4,153.68","2,889.43",883.65,2,2,"",2,01/08/16 05:13 AM
64W,3,64W-3,"4,153.68","2,767.58",989.73,3,3,"",2,01/08/16 05:13 AM
64W,4,64W-4,"4,153.68","2,749.24","1,008.97",4,4,"",2,01/08/16 05:13 AM
64W,5,64W-5,"4,153.68","2,767.5",990.73,5,5,"",2,01/08/16 05:13 AM
66,00,66-00,"18,838.6","6,367.44","10,560.02",-1,00,"",3,01/08/16 05:13 AM
66,0,66-0,"19,259.09","9,853.88","7,206.62",0,0,"",1,01/08/16 05:13 AM
66,1,66-1,"18,045.2","10,196.51","5,739.06",1,1,"",2,01/08/16 05:13 AM
66,2,66-2,"17,497.28","11,072.72","4,117.13",2,2,"",2,01/08/16 05:13 AM
66,3,66-3,"18,606.51","11,260.12","5,135.53",3,3,"",2,01/08/16 05:13 AM
66,4,66-4,"18,459.61","11,155.07","5,056.34",4,4,"",2,01/08/16 05:13 AM
66,5,66-5,"17,829.58","11,283.58","4,360.34",5,5,"",2,01/08/16 05:13 AM
66,6,66-6,"5,173.77",0,"4,696.39",6,6,"",2,01/08/16 05:13 AM
68,00,68-00,"33,203.01","21,125.15","8,160.4",-1,00,"",0,01/08/16 05:13 AM
68,0,68-0,"40,926.76","9,442.66","27,460.75",0,0,"",2,01/08/16 05:13 AM
68,1,68-1,"27,592.44","14,767.53","10,690.26",1,1,"",2,01/08/16 05:13 AM
68,2,68-2,"29,627.68","20,754.98","6,452.67",2,2,"",2,01/08/16 05:13 AM
68,3,68-3,"29,842.2","20,451.14","6,729.59",3,3,"",2,01/08/16 05:13 AM
68,4,68-4,"29,631.29","20,681.57","6,490.18",4,4,"",2,01/08/16 05:13 AM
68,5,68-5,"29,414.25","20,395.23","6,490.49",5,5,"",2,01/08/16 05:13 AM
68,6,68-6,"28,101.86","19,535.89","6,070.13",6,6,"",2,01/08/16 05:13 AM
68,7,68-7,"12,050.88","7,961.69","2,964.24",7,7,"",2,01/08/16 05:13 AM
76,0,76-0,"49,813.33","22,950.78","21,864.63",0,0,"",2,01/08/16 05:13 AM
76,1,76-1,"40,318.11","25,534.52","9,862.75",1,1,"",2,01/08/16 05:13 AM
76,2,76-2,"41,457.02","25,333.29","10,616.51",2,2,"",2,01/08/16 05:13 AM
76,3,76-3,"41,457","25,297.02","10,682.47",3,3,"",2,01/08/16 05:13 AM
76,4,76-4,"41,457.04","25,225.94","10,966.02",4,4,"",2,01/08/16 05:13 AM
76,5,76-5,"41,457.01","25,232.18","10,715.86",5,5,"",2,01/08/16 05:13 AM
76,6,76-6,"41,457.01","25,531.2","10,629.31",6,6,"",2,01/08/16 05:13 AM
76,7,76-7,"39,092.13","25,960.06","8,283.69",7,7,"",0,01/08/16 05:13 AM
76,8,76-8,"31,179.95",0,"30,623.1",8,8,"",0,01/08/16 05:13 AM
E1,0,E1-0,"5,829.27","3,069.25","1,926.87",0,0,"",2,01/08/16 05:13 AM
E1,1,E1-1,"6,003.37","3,451.84","1,895.77",1,1,"",2,01/08/16 05:13 AM
E1,2,E1-2,"5,156.49","3,500.3",960.55,2,2,"",2,01/08/16 05:13 AM
E1,3,E1-3,"1,653.4","1,169.22",184.76,3,3,"",2,01/08/16 05:13 AM
E2,0,E2-0,"12,633.33","7,188.93","3,520.09",0,0,"",2,01/08/16 05:13 AM
E2,1,E2-1,"12,630.8","6,302.48","4,330.17",1,1,"",2,01/08/16 05:13 AM
E2,2,E2-2,"12,110.74","7,233.11","2,931.08",2,2,"",2,01/08/16 05:13 AM
E2,3,E2-3,"12,149.24","7,134.29","3,067.35",3,3,"",2,01/08/16 05:13 AM
E2,4,E2-4,"11,257.54","6,262.16","3,180.15",4,4,"",2,01/08/16 05:13 AM
E2,5,E2-5,"2,310.1",803.97,988.46,5,5,"",2,01/08/16 05:13 AM
E2,6,E2-6,"1,755.58","1,041.81",543,6,6,"",2,01/08/16 05:13 AM
E14,0,E14-0,"33,463.85","1,184.97","29,348.44",0,0,"",2,01/08/16 05:13 AM
E14,1,E14-1,"26,623.94","11,323.4","13,339.88",1,1,"",2,01/08/16 05:13 AM
E14,2,E14-2,"20,994.92","11,318.03","7,730",2,2,"",2,01/08/16 05:13 AM
E14,3,E14-3,"23,647.65","13,028.68","8,807.05",3,3,"",2,01/08/16 05:13 AM
E14,4,E14-4,"19,940.58","10,949.93","7,149.23",4,4,"",2,01/08/16 05:13 AM
E14,5,E14-5,"21,824.6","12,783.53","6,871.51",5,5,"",2,01/08/16 05:13 AM
E14,6,E14-6,"21,272.03","13,630.3","5,209.67",6,6,"",2,01/08/16 05:13 AM
E14,7,E14-7,"6,107.64",149.31,"4,826.83",7,7,"",2,01/08/16 05:13 AM
E15,0,E15-0,"30,270.35","16,256.39","11,907.65",0,0,"",2,01/08/16 05:13 AM
E15,1,E15-1,"20,969.59","12,773.75","6,659.45",1,1,"",2,01/08/16 05:13 AM
E15,2,E15-2,"12,884.8","8,969.58","2,509.98",2,2,"",2,01/08/16 05:13 AM
E15,3,E15-3,"25,237.35","20,848.62","2,713.17",3,3,"",2,01/08/16 05:13 AM
E15,4,E15-4,"25,235.17","20,540.01","2,893.66",4,4,"",2,01/08/16 05:13 AM
E15,5,E15-5,"5,734.16",0,"5,263.77",5,5,"",2,01/08/16 05:13 AM
E17,0,E17-0,"7,492.9","2,266.06","4,610.67",0,0,"",2,01/08/16 05:13 AM
E17,1,E17-1,"13,378.68","8,783.45","3,355.66",1,1,"",2,01/08/16 05:13 AM
E17,2,E17-2,"12,573.88","10,091.51","1,207.8",2,2,"",2,01/08/16 05:13 AM
E17,3,E17-3,"12,491.96","9,975.75","1,344.68",3,3,"",2,01/08/16 05:13 AM
E17,4,E17-4,"12,488.01","10,094.04","1,167.91",4,4,"",2,01/08/16 05:13 AM
E17,5,E17-5,"11,644.72","7,076.18","3,351.01",5,5,"",2,01/08/16 05:13 AM
E17,6,E17-6,"7,240.04","5,831.18",800.88,6,6,"",0,01/08/16 05:13 AM
E17,7,E17-7,"6,207.85",0,"5,673.68",7,7,"",2,01/08/16 05:13 AM
E18,0,E18-0,"18,907.09","6,763.78","10,542.58",0,0,"",2,01/08/16 05:13 AM
E18,1,E18-1,"15,048.91","10,652.03","3,449.13",1,1,"",2,01/08/16 05:13 AM
E18,2,E18-2,"12,568.93","9,351.5","1,928.29",2,2,"",2,01/08/16 05:13 AM
E18,3,E18-3,"12,582.56","9,374.72","2,107.06",3,3,"",2,01/08/16 05:13 AM
E18,4,E18-4,"12,260.74","9,097.83","2,098.4",4,4,"",2,01/08/16 05:13 AM
E18,5,E18-5,"13,572.99","9,886.79","2,366.14",5,5,"",0,01/08/16 05:13 AM
E18,6,E18-6,"17,977.96","13,682.57","2,858.12",6,6,"",2,01/08/16 05:13 AM
E18,7,E18-7,"9,880.01",0,"9,254.1",7,7,"",2,01/08/16 05:13 AM
E19,0,E19-0,"18,476.4","7,710.46","9,407.71",0,0,"",2,01/08/16 05:13 AM
E19,1,E19-1,"18,743.67","13,450.52","4,041.68",1,1,"",2,01/08/16 05:13 AM
E19,2,E19-2,"18,635.59","13,836.92","3,301.06",2,2,"",2,01/08/16 05:13 AM
E19,3,E19-3,"18,583.22","13,677.19","3,522.44",3,3,"",2,01/08/16 05:13 AM
E19,4,E19-4,"18,945.51","12,328.01","5,246.91",4,4,"",2,01/08/16 05:13 AM
E19,5,E19-5,"18,511.38","13,481.44","3,244.89",5,5,"",2,01/08/16 05:13 AM
E19,6,E19-6,"18,488.28","13,732.2","3,382.6",6,6,"",2,01/08/16 05:13 AM
E19,7,E19-7,"18,420.9","12,580.1","4,600.95",7,7,"",2,01/08/16 05:13 AM
E19,8,E19-8,937.48,0,821.21,8,8,"",2,01/08/16 05:13 AM
E23,0,E23-0,"20,713.03","8,963.39","9,526.91",0,0,"",2,01/08/16 05:13 AM
E23,1,E23-1,"21,144.27","12,753.36","5,907.83",1,1,"",2,01/08/16 05:13 AM
E23,2,E23-2,"19,601.93","14,277.19","2,812.43",2,2,"",2,01/08/16 05:13 AM
E23,3,E23-3,"19,668.82","14,349.75","2,822.57",3,3,"",2,01/08/16 05:13 AM
E23,4,E23-4,"14,298.03","10,365.58","1,981.78",4,4,"",2,01/08/16 05:13 AM
E23,5,E23-5,"6,387.17","4,564",797.01,5,5,"",2,01/08/16 05:13 AM
E25,0,E25-0,"29,417.02","14,611.33","11,368.86",0,0,"",0,01/08/16 05:13 AM
E25,1,E25-1,"28,217.74","14,503.43","11,115.67",1,1,"",2,01/08/16 05:13 AM
E25,2,E25-2,"18,864.69","12,004.01","4,214.71",2,2,"",2,01/08/16 05:13 AM
E25,3,E25-3,"19,042.01","11,605.16","5,118.31",3,3,"",2,01/08/16 05:13 AM
E25,4,E25-4,"18,980.53","12,399.15","4,063.68",4,4,"",2,01/08/16 05:13 AM
E25,5,E25-5,"18,556.05","12,283.38","3,661.24",5,5,"",2,01/08/16 05:13 AM
E25,6,E25-6,"18,811.93","12,906.67","3,792.91",6,6,"",2,01/08/16 05:13 AM
E25,7,E25-7,"4,786.39",0,"4,300.95",7,7,"",2,01/08/16 05:13 AM
E33,1,E33-1,"5,492.46","4,771.56",277.81,1,1,"",2,01/08/16 05:13 AM
E33,2,E33-2,"2,487.16","2,135.43",25.65,2,2,"",2,01/08/16 05:13 AM
E34,0,E34-0,656.1,0,512.5,0,0,"",2,01/08/16 05:13 AM
E34,1,E34-1,"5,358.65","3,120.56","1,684.58",1,1,"",2,01/08/16 05:13 AM
E34,2,E34-2,"5,349.9","3,535.81","1,298.26",2,2,"",2,01/08/16 05:13 AM
E34,3,E34-3,"5,313.54","2,911.66","1,815.18",3,3,"",2,01/08/16 05:13 AM
E34,4,E34-4,"5,289.55","2,621.63","2,005.24",4,4,"",2,01/08/16 05:13 AM
E34,5,E34-5,"5,253.76","3,733.91",978.1,5,5,"",2,01/08/16 05:13 AM
E34,6,E34-6,202.57,0,149.35,6,6,"",2,01/08/16 05:13 AM
E38,0,E38-0,"8,774.44","6,095.14","1,801.82",0,0,"",2,01/08/16 05:13 AM
E38,1,E38-1,"8,711.08","5,434.61","2,668.92",1,1,"",2,01/08/16 05:13 AM
E38,2,E38-2,"8,711.08","6,052.66","1,912.09",2,2,"",2,01/08/16 05:13 AM
E38,3,E38-3,"8,668","7,070.24",918.85,3,3,"",2,01/08/16 05:13 AM
E38,4,E38-4,"8,722.04","6,976.88","1,018.74",4,4,"",2,01/08/16 05:13 AM
E38,5,E38-5,"8,759.2","6,068.34","1,972.67",5,5,"",2,01/08/16 05:13 AM
E38,6,E38-6,"8,682.67","6,764.16","1,150.3",6,6,"",2,01/08/16 05:13 AM
E38,7,E38-7,"5,366.13","3,940.47",831.13,7,7,"",2,01/08/16 05:13 AM
E38,8,E38-8,136.11,0,121,8,8,"",2,01/08/16 05:13 AM
E39,0,E39-0,"4,836.9","3,792.86",149.16,0,0,"",2,01/08/16 05:13 AM
E39,1,E39-1,"1,509.09","1,004.94",4.95,1,1,"",2,01/08/16 05:13 AM
E39,2,E39-2,"10,714.41","8,085.48",689.32,2,2,"",2,01/08/16 05:13 AM
E39,3,E39-3,"10,600.79","8,766.96",546.66,3,3,"",2,01/08/16 05:13 AM
E40,0,E40-0,"22,041.33","6,112.49","13,903.68",0,0,"",2,01/08/16 05:13 AM
E40,1,E40-1,"21,234.27","15,922.01","3,053.46",1,1,"",2,01/08/16 05:13 AM
E40,2,E40-2,"20,883.04","16,430.29","2,332.39",2,2,"",2,01/08/16 05:13 AM
E40,3,E40-3,"20,772.42","15,853.32","2,812",3,3,"",2,01/08/16 05:13 AM
E40,4,E40-4,"20,908.21","16,922.49","1,857.47",4,4,"",2,01/08/16 05:13 AM
E40,5,E40-5,875.3,0,616.99,5,5,"",2,01/08/16 05:13 AM
E48,2,E48-2,"16,113.43","13,894.89",206.74,2,2,"",2,01/08/16 05:13 AM
E48,3,E48-3,"2,683.63","1,595.29",0,3,3,"",2,01/08/16 05:13 AM
E48,4,E48-4,"10,283.51","8,472.01",300.21,4,4,"",2,01/08/16 05:13 AM
E48,5,E48-5,"15,241.19","13,167.82",201.47,5,5,"",2,01/08/16 05:13 AM
E51,0,E51-0,"25,475.51","10,878.07","11,761.82",0,0,"",2,01/08/16 05:13 AM
E51,1,E51-1,"22,426.26","12,361.93","7,156.31",1,1,"",2,01/08/16 05:13 AM
E51,2,E51-2,"24,518.85","12,213.52","9,242.06",2,2,"",2,01/08/16 05:13 AM
E51,3,E51-3,"25,652.78","16,370.25","6,466.55",3,3,"",2,01/08/16 05:13 AM
E51,4,E51-4,"9,917.36",436.19,"8,345.27",4,4,"",2,01/08/16 05:13 AM
E52,0,E52-0,"20,160.26","11,442.08","6,712.72",0,0,"",2,01/08/16 05:13 AM
E52,1,E52-1,"19,852.21","10,137.44","7,413.32",1,1,"",2,01/08/16 05:13 AM
E52,2,E52-2,"18,295.45","11,064.77","5,013.56",2,2,"",2,01/08/16 05:13 AM
E52,3,E52-3,"19,919.82","12,080.68","5,437.37",3,3,"",2,01/08/16 05:13 AM
E52,4,E52-4,"19,907.09","14,100.23","3,560.36",4,4,"",2,01/08/16 05:13 AM
E52,5,E52-5,"19,907.09","14,506.8","3,235.19",5,5,"",2,01/08/16 05:13 AM
E52,6,E52-6,"19,687.88","12,419.62","5,145",6,6,"",2,01/08/16 05:13 AM
E52,7,E52-7,"6,220.32","1,175","4,459.98",7,7,"",2,01/08/16 05:13 AM
E53,0,E53-0,"26,364.9","14,364.08","10,659.23",0,0,"",2,01/08/16 05:13 AM
E53,1,E53-1,"14,229.92","10,619.88","2,482.14",1,1,"",2,01/08/16 05:13 AM
E53,2,E53-2,"16,902.33","13,369.34","2,208.56",2,2,"",2,01/08/16 05:13 AM
E53,3,E53-3,"18,491.87","12,596.93","4,394.48",3,3,"",2,01/08/16 05:13 AM
E53,4,E53-4,"18,315.08","12,324.53","4,535.27",4,4,"",2,01/08/16 05:13 AM
E53,5,E53-5,"1,141",0,"1,015.48",5,5,"",2,01/08/16 05:13 AM
E55,0,E55-0,"5,810.28","1,042.94","4,044.94",0,0,"",2,01/08/16 05:13 AM
E55,1,E55-1,"4,735.37","3,549.87",571.96,1,1,"",2,01/08/16 05:13 AM
E55,10,E55-10,"5,788.33","4,183.01",835.7,10,10,"",2,01/08/16 05:13 AM
E55,11,E55-11,"5,788.33","4,183.01",835.7,11,11,"",2,01/08/16 05:13 AM
E55,12,E55-12,"5,788.33","4,183.01",835.7,12,12,"",2,01/08/16 05:13 AM
E55,13,E55-13,"5,788.33","4,183.01",835.7,13,13,"",2,01/08/16 05:13 AM
E55,14,E55-14,"5,788.33","4,183.01",835.7,14,14,"",2,01/08/16 05:13 AM
E55,15,E55-15,"5,788.33","4,183.01",827.21,15,15,"",2,01/08/16 05:13 AM
E55,16,E55-16,"5,788.33","4,183.01",835.7,16,16,"",2,01/08/16 05:13 AM
E55,17,E55-17,"5,788.33","4,183.01",835.7,17,17,"",2,01/08/16 05:13 AM
E55,18,E55-18,"5,788.33","4,183.01",835.7,18,18,"",2,01/08/16 05:13 AM
E55,19,E55-19,"5,788.33","4,183.01",835.7,19,19,"",2,01/08/16 05:13 AM
E55,2,E55-2,"5,788.33","4,183.01",835.7,2,2,"",2,01/08/16 05:13 AM
E55,20,E55-20,"5,788.33","4,183.01",835.7,20,20,"",2,01/08/16 05:13 AM
E55,21,E55-21,"5,788.33","4,183.01",835.7,21,21,"",2,01/08/16 05:13 AM
E55,22,E55-22,"5,788.33","4,183.01",835.7,22,22,"",2,01/08/16 05:13 AM
E55,23,E55-23,"5,788.33","4,163.85",861.6,23,23,"",2,01/08/16 05:13 AM
E55,24,E55-24,"5,788.33","4,163.85",738.27,24,24,"",2,01/08/16 05:13 AM
E55,25,E55-25,"5,788.33","4,163.85",861.6,25,25,"",2,01/08/16 05:13 AM
E55,26,E55-26,"5,788.33","4,163.85",861.6,26,26,"",2,01/08/16 05:13 AM
E55,27,E55-27,"5,788.33","4,163.85",861.6,27,27,"",2,01/08/16 05:13 AM
E55,28,E55-28,"5,788.33","4,163.85",861.6,28,28,"",2,01/08/16 05:13 AM
E55,29,E55-29,"4,819.92","3,098.69","1,083.42",29,29,"",2,01/08/16 05:13 AM
E55,3,E55-3,"5,788.33","4,183.01",835.7,3,3,"",2,01/08/16 05:13 AM
E55,30,E55-30,658.85,0,470.3,30,30,"",2,01/08/16 05:13 AM
E55,4,E55-4,"5,788.33","4,183.01",835.7,4,4,"",2,01/08/16 05:13 AM
E55,5,E55-5,"5,788.33","4,183.01",835.7,5,5,"",2,01/08/16 05:13 AM
E55,6,E55-6,"5,788.33","4,183.01",835.7,6,6,"",2,01/08/16 05:13 AM
E55,7,E55-7,"5,788.33","4,183.01",835.7,7,7,"",2,01/08/16 05:13 AM
E55,8,E55-8,"5,788.33","4,183.01",835.7,8,8,"",2,01/08/16 05:13 AM
E55,9,E55-9,"5,788.33","4,183.01",835.7,9,9,"",2,01/08/16 05:13 AM
E60,0,E60-0,"8,229.7","1,856.47","4,874.85",0,0,"",2,01/08/16 05:13 AM
E60,1,E60-1,"7,364.23","3,309.11","2,953.55",1,1,"",2,01/08/16 05:13 AM
E60,2,E60-2,"7,361.28","3,826.97","2,556.76",2,2,"",2,01/08/16 05:13 AM
E60,3,E60-3,"7,174.9","3,822.32","2,428.49",3,3,"",2,01/08/16 05:13 AM
E62,00,E62-00,"61,441.29","55,257.88","3,646.93",-1,-1,"",3,01/08/16 05:13 AM
E62,000,E62-000,"61,489.29","56,008.85","2,269.43",-2,-2,"",3,01/08/16 05:13 AM
E62,0000,E62-0000,"14,923.96","13,006.32",543.62,-3,-3,"",3,01/08/16 05:13 AM
E62,0,E62-0,"58,114.95","42,352.61","11,251.6",0,0,"",1,01/08/16 05:13 AM
E62,1,E62-1,"40,618.07","18,771.63","17,951.06",1,1,"",2,01/08/16 05:13 AM
E62,2,E62-2,"33,733.1","18,030.63","11,283.21",2,2,"",2,01/08/16 05:13 AM
E62,3,E62-3,"30,353.35","18,302.75","8,625.22",3,3,"",2,01/08/16 05:13 AM
E62,4,E62-4,"30,613.9","17,836.54","9,347.5",4,4,"",2,01/08/16 05:13 AM
E62,5,E62-5,"31,019.98","18,377.4","9,095.97",5,5,"",2,01/08/16 05:13 AM
E62,6,E62-6,"30,555.08","17,880.09","9,338.7",6,6,"",2,01/08/16 05:13 AM
E62,7,E62-7,"12,171",0,"10,710.24",7,7,"",2,01/08/16 05:13 AM
E70,12,E70-12,"16,916.85","13,967.73",0,12,12,"",3,01/08/16 05:13 AM
E70,6,E70-6,"10,829.71","9,239.08",0,6,6,"",2,01/08/16 05:13 AM
E70,8,E70-8,"9,048.06","3,082.33",0,8,8,"",2,01/08/16 05:13 AM
E90,9,E90-9,"27,152.05","25,503.15",70.33,9,"","",1,01/08/16 05:13 AM
E90,12,E90-12,"14,245.56","12,562.76",152.18,12,12,"",3,01/08/16 05:13 AM
E94,15,E94-15,"15,506.61","14,099.82",205.19,15,15,"",3,01/08/16 05:13 AM
EE19,3,EE19-3,"20,514.89","18,402.12",117.63,3,3,"",1,01/08/16 05:13 AM
EE20,4,EE20-4,"17,637.21","15,924.72",300.29,4,4,"",3,01/08/16 05:13 AM
EE20,6,EE20-6,"13,456.3","12,166.29",124.68,6,6,"",3,01/08/16 05:13 AM
N4,0,N4-0,"20,925","16,707.48","3,345.68",0,0,"",2,01/08/16 05:13 AM
N4,1,N4-1,"16,275.52","15,088.75",427.31,1,1,"",2,01/08/16 05:13 AM
N4,2,N4-2,"15,513.92","14,446.08",289.9,2,2,"",2,01/08/16 05:13 AM
N4,3,N4-3,"14,351.63","13,393.42",282.63,3,3,"",2,01/08/16 05:13 AM
N4,4,N4-4,"15,513.92","14,446.08",289.9,4,4,"",2,01/08/16 05:13 AM
N4,5,N4-5,"14,351.63","13,393.42",282.63,5,5,"",2,01/08/16 05:13 AM
N4,6,N4-6,"15,513.92","14,446.08",289.9,6,6,"",2,01/08/16 05:13 AM
N4,7,N4-7,"14,351.63","13,393.42",282.63,7,7,"",2,01/08/16 05:13 AM
N4,8,N4-8,"16,234.97","14,553.61",289.9,8,8,"",2,01/08/16 05:13 AM
N9,1,N9-1,"5,882.04","5,345.16",160.86,1,1,"",2,01/08/16 05:13 AM
N10,0,N10-0,718,525.31,4.28,0,0,"",2,01/08/16 05:13 AM
N10,1,N10-1,"4,888.72","3,837.06",261.49,1,1,"",2,01/08/16 05:13 AM
N10,2,N10-2,"4,478.14","3,745.29",366.16,2,2,"",2,01/08/16 05:13 AM
N16,0,N16-0,"3,211.26",0,"2,919.93",0,0,"",2,01/08/16 05:13 AM
N16,1,N16-1,"6,232.75",0,"5,947.76",1,1,"",2,01/08/16 05:13 AM
N16,2,N16-2,"11,702.62",0,"6,801.15",2,2,"",2,01/08/16 05:13 AM
N16,3,N16-3,"10,187.82",0,"9,360.61",3,3,"",2,01/08/16 05:13 AM
N16A,0,N16A-0,"4,643.63",0,"4,313.32",0,0,"",2,01/08/16 05:13 AM
N16A,1,N16A-1,646.09,0,326.45,1,1,"",2,01/08/16 05:13 AM
N16A,2,N16A-2,"4,476.39",0,"4,012.6",2,2,"",2,01/08/16 05:13 AM
N16B,1,N16B-1,543.47,0,511.42,1,1,"",2,01/08/16 05:13 AM
N16B,2,N16B-2,706.25,0,649.16,2,2,"",2,01/08/16 05:13 AM
N16C,1,N16C-1,"2,925.3",155.39,"2,705.41",1,1,"",2,01/08/16 05:13 AM
N51,0,N51-0,"1,431.2","1,066.13",124.04,0,0,"",2,01/08/16 05:13 AM
N51,1,N51-1,"17,248.03","13,938.66","2,041.18",1,1,"",2,01/08/16 05:13 AM
N51,2,N51-2,"12,942.66","9,073.29","2,756.76",2,2,"",2,01/08/16 05:13 AM
N51,3,N51-3,"13,359.04","8,566.52","3,496.2",3,3,"",2,01/08/16 05:13 AM
N52,0,N52-0,"20,484.79","10,299.97","7,954.88",0,0,"",2,01/08/16 05:13 AM
N52,1,N52-1,"20,345.55","13,772.15","4,503.7",1,1,"",2,01/08/16 05:13 AM
N52,2,N52-2,"20,995.73","16,060.88","2,800.87",2,2,"",2,01/08/16 05:13 AM
N52,3,N52-3,"20,947.34","15,292.51","3,378.43",3,3,"",2,01/08/16 05:13 AM
N52,4,N52-4,"20,874.62","16,094.91","2,429.21",4,4,"",2,01/08/16 05:13 AM
N52,5,N52-5,226.41,0,148.58,5,5,"",2,01/08/16 05:13 AM
N57,0,N57-0,"1,340.04",692.79,467.27,0,0,"",2,01/08/16 05:13 AM
N57,1,N57-1,"9,060.25","7,909.31",605.66,1,1,"",2,01/08/16 05:13 AM
N57,2,N57-2,"9,059.17","8,125.88",482.91,2,2,"",2,01/08/16 05:13 AM
N57,3,N57-3,"9,057.93","8,264.47",420.97,3,3,"",2,01/08/16 05:13 AM
N57,4,N57-4,"9,057.93","8,264.29",421.15,4,4,"",2,01/08/16 05:13 AM
N57,5,N57-5,"9,057.93","8,264.47",417.1,5,5,"",2,01/08/16 05:13 AM
NE123A,1,NE123A-1,"1,812.03",439.51,0,1,1,"",2,01/08/16 05:13 AM
NE18,5,NE18-5,"13,425.78","11,992.32",8.42,5,5,"",2,01/08/16 05:13 AM
NE18,9,NE18-9,"19,619.13","17,078.19",251.6,9,9,"",3,01/08/16 05:13 AM
NE35,1,NE35-1,"9,525.85","8,260.29",0,1,1,"",2,01/08/16 05:13 AM
NE45,2,NE45-2,"8,049.06","4,586.56",0,2,2,"",3,01/08/16 05:13 AM
NE46,6,NE46-6,"9,215.4","7,989.19",239.41,6,"","",1,01/08/16 05:13 AM
NE47,0,NE47-0,"5,488.28","3,707.28",556.1,0,0,"",2,01/08/16 05:13 AM
NE47,1,NE47-1,"9,901.84","8,214.2",340.92,1,1,"",2,01/08/16 05:13 AM
NE47,2,NE47-2,"15,030.98","13,236.43",338.72,2,2,"",2,01/08/16 05:13 AM
NE47,3,NE47-3,"15,010.55","13,023.42",346.52,3,3,"",2,01/08/16 05:13 AM
NE47,4,NE47-4,"14,197.45","12,588.35",277.7,4,4,"",2,01/08/16 05:13 AM
NE47,5,NE47-5,"14,469.09","12,932.75",258.39,5,5,"",2,01/08/16 05:13 AM
NE48,3,NE48-3,"8,043.73","6,437.13",797.4,3,3,"",2,01/08/16 05:13 AM
NE48,4,NE48-4,"4,613.58","3,942.75",0,4,4,"",1,01/08/16 05:13 AM
NE49,2,NE49-2,"25,304.92","23,613.18",118.61,2,2,"",2,01/08/16 05:13 AM
NE49,3,NE49-3,"24,915.77","23,222.03",120.06,3,3,"",2,01/08/16 05:13 AM
NE49,4,NE49-4,"21,428.17","19,846.18",110.61,4,4,"",2,01/08/16 05:13 AM
NE83,4,NE83-4,"10,467.45","8,888.84",405.35,4,4,"",2,01/08/16 05:13 AM
NE83,5,NE83-5,"10,328.14","8,518.93",468.56,5,5,"",2,01/08/16 05:13 AM
NW10,0,NW10-0,"30,149.49","16,753.91","9,209.72",0,0,"",2,01/08/16 05:13 AM
NW10,1,NW10-1,"26,729.15","17,022.01","5,646.99",1,1,"",2,01/08/16 05:13 AM
NW10,2,NW10-2,"29,327.23","19,156.67","6,153.61",2,2,"",2,01/08/16 05:13 AM
NW10,3,NW10-3,"29,321.97","19,115.63","6,183.25",3,3,"",2,01/08/16 05:13 AM
NW10,4,NW10-4,"17,001.94","10,318.65","4,079.73",4,4,"",2,01/08/16 05:13 AM
NW12,0,NW12-0,"4,862.61","3,600.47",406.63,0,0,"",2,01/08/16 05:13 AM
NW12,1,NW12-1,"29,365.77","20,853.01","5,892.63",1,1,"",2,01/08/16 05:13 AM
NW12,2,NW12-2,"8,013.51","5,174.63","1,835.83",2,2,"",2,01/08/16 05:13 AM
NW12,3,NW12-3,"7,534.13","5,229.74","1,467.53",3,3,"",2,01/08/16 05:13 AM
NW12,4,NW12-4,157.37,0,108.26,4,4,"",2,01/08/16 05:13 AM
NW12A,1,NW12A-1,382.61,311.78,0,1,1,"",2,01/08/16 05:13 AM
NW13,0,NW13-0,"17,448.64","12,443.96","2,891.08",0,0,"",2,01/08/16 05:13 AM
NW13,1,NW13-1,"21,684.17","18,457.28","2,012.5",1,1,"",2,01/08/16 05:13 AM
NW13,2,NW13-2,"22,612.82","16,233.3","4,656.57",2,2,"",2,01/08/16 05:13 AM
NW13,3,NW13-3,191.48,0,148.37,3,3,"",2,01/08/16 05:13 AM
NW14,0,NW14-0,"36,213.43","27,341.73","7,081.2",0,0,"",2,01/08/16 05:13 AM
NW14,1,NW14-1,"33,808.88","23,350.52","8,032.04",1,1,"",2,01/08/16 05:13 AM
W15,1,W15-1,"2,879.9","1,969.9",628.62,1,1,"",2,01/08/16 05:13 AM
W16,0,W16-0,"22,579.13","9,116.47","10,785.19",0,0,"",2,01/08/16 05:13 AM
W16,1,W16-1,"17,029.86","9,613.72","6,739.26",1,1,"",2,01/08/16 05:13 AM
W16,2,W16-2,"2,536.99","1,731.39",192.34,2,2,"",2,01/08/16 05:13 AM
W20,0,W20-0,"33,951.96","16,950.78","13,670.93",0,0,"",2,01/08/16 05:13 AM
W20,1,W20-1,"31,212.43","19,743.08","10,612.9",1,1,"",2,01/08/16 05:13 AM
W20,2,W20-2,"31,506.04","22,869.58","7,295.33",2,2,"",2,01/08/16 05:13 AM
W20,3,W20-3,"19,762.91","12,007.89","6,227.51",3,3,"",2,01/08/16 05:13 AM
W20,4,W20-4,"38,283.49","24,706.47","11,400.66",4,4,"",2,01/08/16 05:13 AM
W20,5,W20-5,"26,252.94","19,887.73","4,686.15",5,5,"",2,01/08/16 05:13 AM
W20,6,W20-6,"2,192.23",0,"1,962.96",6,6,"",2,01/08/16 05:13 AM
W31,0,W31-0,"28,172.15","19,156.76","5,740.28",0,1,"",2,01/08/16 05:13 AM
W31,1,W31-1,"27,864.96","24,368.34","1,364.57",1,2,"",2,01/08/16 05:13 AM
W31,2,W31-2,"8,064.37","5,066.87","1,594.7",2,3,"",2,01/08/16 05:13 AM
W31,3,W31-3,"7,342.02","4,809.68","1,044.96",3,4,"",2,01/08/16 05:13 AM
W32,0,W32-0,"21,727.83","12,860.68","6,807.19",0,1,"",2,01/08/16 05:13 AM
W32,1,W32-1,"16,868.6","11,302.83","3,924.8",1,2,"",2,01/08/16 05:13 AM
W32,2,W32-2,"7,977.75","2,040.18","4,521.72",2,3,"",2,01/08/16 05:13 AM
W33,0,W33-0,"34,427.72","32,379.24",594.57,0,1,"",2,01/08/16 05:13 AM
W34,1,W34-1,"54,583.73","31,422.69","18,816.68",1,1,"",2,01/08/16 05:13 AM
W34,2,W34-2,"54,813.94","50,895.64","1,838.08",2,3,"",2,01/08/16 05:13 AM
W35,0,W35-0,"2,076.91",0,"1,161.55",0,0,"",2,01/08/16 05:13 AM
W35,1,W35-1,"51,624.03","40,153.04","8,501.4",1,1,"",2,01/08/16 05:13 AM
W35,2,W35-2,"31,331.92","20,365.37","7,967.04",2,2,"",2,01/08/16 05:13 AM
W35,3,W35-3,"29,912.89","15,780.82","12,024.7",3,3,"",2,01/08/16 05:13 AM
W35,4,W35-4,"6,777.52",0,"6,627.64",4,4,"",2,01/08/16 05:13 AM
W35,5,W35-5,356.77,0,133.74,5,5,"",2,01/08/16 05:13 AM
W45,0,W45-0,"36,794.43","33,215.14","1,858.72",0,0,"",2,01/08/16 05:13 AM
W45,1,W45-1,"37,523.66","36,743.99",379.46,1,1,"",2,01/08/16 05:13 AM
W45,2,W45-2,"37,560","36,826.39",334.69,2,2,"",2,01/08/16 05:13 AM
W45,3,W45-3,"37,560","36,826.39",334.69,3,3,"",2,01/08/16 05:13 AM
W45,4,W45-4,"37,560","36,826.39",331.02,4,4,"",2,01/08/16 05:13 AM
W51,0,W51-0,"33,084.86","17,008.35","11,726.7",0,0,"",2,01/08/16 05:13 AM
W51,1,W51-1,"35,610.98","25,500.59","5,734.11",1,1,"",2,01/08/16 05:13 AM
W51,2,W51-2,"24,617.65","15,614.11","4,923.13",2,2,"",2,01/08/16 05:13 AM
W51,3,W51-3,"24,618.8","15,638.55","4,874.3",3,3,"",2,01/08/16 05:13 AM
W51,4,W51-4,"24,619.18","15,678.42","4,849.06",4,4,"",2,01/08/16 05:13 AM
W51,5,W51-5,"24,618.8","15,644.25","4,869.91",5,5,"",2,01/08/16 05:13 AM
W51,6,W51-6,752.5,0,579.13,6,6,"",2,01/08/16 05:13 AM
W51C,0,W51C-0,"2,254.94","1,325.02",591.55,0,0,"",2,01/08/16 05:13 AM
W51C,1,W51C-1,"2,886.9","1,992.99",488.39,1,1,"",2,01/08/16 05:13 AM
W51C,2,W51C-2,"3,003","1,838.4",702.97,2,2,"",2,01/08/16 05:13 AM
W51C,3,W51C-3,"3,003","1,838.4",702.97,3,3,"",2,01/08/16 05:13 AM
W51C,4,W51C-4,"3,003","1,838.4",702.97,4,4,"",2,01/08/16 05:13 AM
W51C,5,W51C-5,"3,003","1,874.32",665.97,5,5,"",2,01/08/16 05:13 AM
W51C,6,W51C-6,132.96,0,91.48,6,6,"",2,01/08/16 05:13 AM
W53,1,W53-1,"25,692.9","24,982.22",0,1,1,"",2,01/08/16 05:13 AM
W53A,1,W53A-1,"1,159.47",694.95,259.08,1,1,"",2,01/08/16 05:13 AM
W53B,1,W53B-1,140,121.25,0,1,1,"",2,01/08/16 05:13 AM
W53C,1,W53C-1,180,0,151.33,1,1,"",2,01/08/16 05:13 AM
W53D,1,W53D-1,142.94,112.5,0,1,1,"",2,01/08/16 05:13 AM
W56,1,W56-1,"2,835","2,463.75",92.98,1,1,"",2,01/08/16 05:13 AM
W57,1,W57-1,"2,030.11","1,849.2",30.67,1,1,"",2,01/08/16 05:13 AM
W57A,1,W57A-1,117,91.07,0,1,1,"",3,01/08/16 05:13 AM
W59,0,W59-0,"12,980.35","7,502.46","3,916.33",0,0,"",2,01/08/16 05:13 AM
W59,1,W59-1,"15,653.43","11,945.77","2,125.17",1,1,"",2,01/08/16 05:13 AM
W59,2,W59-2,"7,417.61","5,459.39",935.97,2,2,"",2,01/08/16 05:13 AM
W61,00,W61-00,"12,599.15","1,065.11","7,734.41",-1,00,"",3,01/08/16 05:13 AM
W61,000,W61-000,"6,814.12","2,099.83","3,999.53",-2,000,"",3,01/08/16 05:13 AM
W61,0,W61-0,"28,333.45","14,526.56","9,731.18",0,0,"",2,01/08/16 05:13 AM
W61,1,W61-1,"14,868.21","9,628.33","2,531.05",1,1,W61E.1 W61F.1 W61G.1 W61H.1 W61J.1 W61M.1,2,01/08/16 05:13 AM
W61,10,W61-10,"4,211.4","2,570.47",960.51,10,10,W61B.1,2,01/08/16 05:13 AM
W61,11,W61-11,"4,211.4","2,651.83",927.34,11,11,W61B.2,2,01/08/16 05:13 AM
W61,12,W61-12,"4,211.4","2,570.47",858.2,12,12,W61B.3,2,01/08/16 05:13 AM
W61,13,W61-13,"4,211.4","2,570.47",970.81,13,13,W61A.1,2,01/08/16 05:13 AM
W61,14,W61-14,"4,211.4","2,652.16",906.1,14,14,W61A.2,2,01/08/16 05:13 AM
W61,15,W61-15,"4,211.4","2,570.44",971.54,15,15,W61A.3,2,01/08/16 05:13 AM
W61,16,W61-16,"4,318.1","3,051.43",567.88,16,16,"",2,01/08/16 05:13 AM
W61,17,W61-17,609.1,0,378.95,17,17,"",2,01/08/16 05:13 AM
W61,18,W61-18,609.1,0,397.7,18,18,"",2,01/08/16 05:13 AM
W61,2,W61-2,"17,655.43","12,628.58","2,187.4",2,2,W61E.2 W61F.2 W61G.2 W61H.2 W61J.2 W61M.2,2,01/08/16 05:13 AM
W61,3,W61-3,"17,993.47","12,225.02","2,333.64",3,3,W61E.3 W61F.3 W61G.3 W61H.3 W61J.3 W61M.3,2,01/08/16 05:13 AM
W61,4,W61-4,"18,135.72","12,393.92","2,358.96",4,4,W61D.1 W61F.4 W61G.4 W61H.4 W61J.4 W61M.4,2,01/08/16 05:13 AM
W61,5,W61-5,"4,211.4","2,652.83",906.27,5,5,W61D.2,2,01/08/16 05:13 AM
W61,6,W61-6,"4,211.4","2,570.47",960.51,6,6,W61D.3,2,01/08/16 05:13 AM
W61,7,W61-7,"4,211.4","2,570.47",971.54,7,7,W61C.1,2,01/08/16 05:13 AM
W61,8,W61-8,"4,211.4","2,651.16",907.94,8,8,W61C.2,2,01/08/16 05:13 AM
W61,9,W61-9,"4,211.4","2,570.47",848.7,9,9,W61C.3,2,01/08/16 05:13 AM
W61A,1,W61A-1,"4,211.4","2,570.47",970.81,1,1,"",2,01/08/16 05:13 AM
W61A,2,W61A-2,"4,211.4","2,652.16",906.1,2,2,"",2,01/08/16 05:13 AM
W61A,3,W61A-3,"4,211.4","2,570.44",971.54,3,3,"",2,01/08/16 05:13 AM
W61B,1,W61B-1,"4,211.4","2,570.47",960.51,1,1,"",2,01/08/16 05:13 AM
W61B,2,W61B-2,"4,211.4","2,651.83",927.34,2,2,"",2,01/08/16 05:13 AM
W61B,3,W61B-3,"4,211.4","2,570.47",858.2,3,3,"",2,01/08/16 05:13 AM
W61C,1,W61C-1,"4,211.4","2,570.47",971.54,1,1,"",2,01/08/16 05:13 AM
W61C,2,W61C-2,"4,211.4","2,651.16",907.94,2,2,"",2,01/08/16 05:13 AM
W61C,3,W61C-3,"4,211.4","2,570.47",848.7,3,3,"",2,01/08/16 05:13 AM
W61D,1,W61D-1,"4,075.93","2,424.47",893.9,1,1,"",2,01/08/16 05:13 AM
W61D,2,W61D-2,"4,211.4","2,652.83",906.27,2,2,"",2,01/08/16 05:13 AM
W61D,3,W61D-3,"4,211.4","2,570.47",960.51,3,3,"",2,01/08/16 05:13 AM
W61E,1,W61E-1,"3,830.58","2,135.88",941.53,1,1,"",2,01/08/16 05:13 AM
W61E,2,W61E-2,"3,900.33","2,298.47",804.35,2,2,"",2,01/08/16 05:13 AM
W61E,3,W61E-3,"3,933.69","2,282.28",868.21,3,3,"",2,01/08/16 05:13 AM
W61F,1,W61F-1,"1,668.05",856.03,402.44,1,1,"",2,01/08/16 05:13 AM
W61F,2,W61F-2,"2,456.98","1,646.84",368.88,2,2,"",2,01/08/16 05:13 AM
W61F,3,W61F-3,"4,243.28","2,931.69",505.93,3,3,"",2,01/08/16 05:13 AM
W61F,4,W61F-4,"4,243.28","2,929.81",506.26,4,4,"",2,01/08/16 05:13 AM
W61G,1,W61G-1,"1,500.42",936.33,298.76,1,1,"",2,01/08/16 05:13 AM
W61G,2,W61G-2,"3,683.95","2,823.87",323.02,2,2,"",2,01/08/16 05:13 AM
W61G,3,W61G-3,"3,877.63","2,820.55",332.54,3,3,"",2,01/08/16 05:13 AM
W61G,4,W61G-4,"3,880.63","2,849.18",332.54,4,4,"",2,01/08/16 05:13 AM
W61H,1,W61H-1,"1,429.02",850.29,352.03,1,1,"",2,01/08/16 05:13 AM
W61H,2,W61H-2,"3,868.46","2,838.31",426.79,2,2,"",2,01/08/16 05:13 AM
W61H,3,W61H-3,"3,982.62","2,865.57",390.08,3,3,"",2,01/08/16 05:13 AM
W61H,4,W61H-4,"3,979.63","2,865.57",390.08,4,4,"",2,01/08/16 05:13 AM
W61J,1,W61J-1,"3,453.13","2,175.16",536.29,1,1,"",2,01/08/16 05:13 AM
W61J,2,W61J-2,"1,905.49","1,327.2",239.88,2,2,"",2,01/08/16 05:13 AM
W61J,3,W61J-3,"1,956.25","1,324.93",236.88,3,3,"",2,01/08/16 05:13 AM
W61J,4,W61J-4,"1,956.25","1,324.89",236.18,4,4,"",2,01/08/16 05:13 AM
W61M,1,W61M-1,"2,987.01","2,674.64",0,1,1,"",2,01/08/16 05:13 AM
W61M,2,W61M-2,"1,840.22","1,693.89",24.48,2,2,"",2,01/08/16 05:13 AM
W64,1,W64-1,"7,077.36","4,534.06","1,894.25",1,1,"",2,01/08/16 05:13 AM
W64,2,W64-2,"6,290.47","4,787.51",923.49,2,2,"",2,01/08/16 05:13 AM
W70,1,W70-1,"31,974.93","18,303.29","10,941.98",1,1,"",2,01/08/16 05:13 AM
W70,2,W70-2,"22,931.46","14,101.63","5,917.32",2,2,"",2,01/08/16 05:13 AM
W70,3,W70-3,"19,018.19","11,377.74","5,160.3",3,3,"",2,01/08/16 05:13 AM
W70,4,W70-4,"20,267.4","12,181.73","5,494.5",4,4,"",2,01/08/16 05:13 AM
W70,5,W70-5,"20,267.4","12,607.92","5,015.14",5,5,"",2,01/08/16 05:13 AM
W70,6,W70-6,254.06,0,188.85,6,6,"",2,01/08/16 05:13 AM
W70A,1,W70A-1,"10,098.9","4,533.59","4,969.1",1,1,"",2,01/08/16 05:13 AM
W70A,2,W70A-2,"4,055.12","2,450.71","1,088.28",2,2,"",2,01/08/16 05:13 AM
W70A,3,W70A-3,"3,098.19","1,887.88",784.26,3,3,"",2,01/08/16 05:13 AM
W70A,4,W70A-4,"3,376.66","2,039.32",881.16,4,4,"",2,01/08/16 05:13 AM
W70A,5,W70A-5,"3,376.66","2,082.35",828.36,5,5,"",2,01/08/16 05:13 AM
W70B,1,W70B-1,"3,265.97","2,111.43",819.89,1,1,"",2,01/08/16 05:13 AM
W70B,2,W70B-2,"3,137.35","1,872.13",846.94,2,2,"",2,01/08/16 05:13 AM
W70B,3,W70B-3,"3,142.8","1,876.45",863.54,3,3,"",2,01/08/16 05:13 AM
W70B,4,W70B-4,"3,285.65","2,014.04",865.8,4,4,"",2,01/08/16 05:13 AM
W70B,5,W70B-5,"3,285.65","1,941.09",927.41,5,5,"",2,01/08/16 05:13 AM
W70C,1,W70C-1,"3,420.86","2,538.36",566.25,1,1,"",2,01/08/16 05:13 AM
W70C,2,W70C-2,"4,209.36","2,598.64","1,111.22",2,2,"",2,01/08/16 05:13 AM
W70C,3,W70C-3,"3,260.94","2,008.22",835.91,3,3,"",2,01/08/16 05:13 AM
W70C,4,W70C-4,"3,550","2,061.15","1,039.87",4,4,"",2,01/08/16 05:13 AM
W70C,5,W70C-5,"3,550","2,376.29",721.93,5,5,"",2,01/08/16 05:13 AM
W70D,1,W70D-1,"3,257.39","2,491.24",435.54,1,1,"",2,01/08/16 05:13 AM
W70D,2,W70D-2,"3,190.13","1,865.45",923.51,2,2,"",2,01/08/16 05:13 AM
W70D,3,W70D-3,"3,196.33","1,869.39",925.54,3,3,"",2,01/08/16 05:13 AM
W70D,4,W70D-4,"3,331.02","2,075.4",847.17,4,4,"",2,01/08/16 05:13 AM
W70D,5,W70D-5,"3,331.02","1,989.9",912.23,5,5,"",2,01/08/16 05:13 AM
W70D,6,W70D-6,254.06,0,188.85,6,6,"",2,01/08/16 05:13 AM
W70E,1,W70E-1,"3,510.49","2,434.26",742.95,1,1,"",2,01/08/16 05:13 AM
W70E,2,W70E-2,"4,132.65","2,664.75",991.47,2,2,"",2,01/08/16 05:13 AM
W70E,3,W70E-3,"3,201.25","1,986.7",804.15,3,3,"",2,01/08/16 05:13 AM
W70E,4,W70E-4,"3,474.22","2,016.04","1,014.33",4,4,"",2,01/08/16 05:13 AM
W70E,5,W70E-5,"3,474.22","2,217.06",813.78,5,5,"",2,01/08/16 05:13 AM
W70F,1,W70F-1,"2,690.05","1,592.3",786.28,1,1,"",2,01/08/16 05:13 AM
W70F,2,W70F-2,"3,111.7","1,769.51",919.71,2,2,"",2,01/08/16 05:13 AM
W70F,3,W70F-3,"3,118.68","1,749.1",946.9,3,3,"",2,01/08/16 05:13 AM
W70F,4,W70F-4,"3,249.85","1,975.78",846.17,4,4,"",2,01/08/16 05:13 AM
W70F,5,W70F-5,"3,249.85","2,001.23",811.43,5,5,"",2,01/08/16 05:13 AM
W70G,1,W70G-1,"3,670.03","1,441.36","1,972.51",1,1,"",2,01/08/16 05:13 AM
W71,0,W71-0,"12,534.32","7,423.65","3,992.98",0,0,"",2,01/08/16 05:13 AM
W71,1,W71-1,"26,577.25","19,408.46","5,034.21",1,1,"",2,01/08/16 05:13 AM
W71,2,W71-2,"23,372.38","13,445.99","6,915.13",2,2,"",2,01/08/16 05:13 AM
W71,3,W71-3,"23,245.04","14,204","6,024.99",3,3,"",2,01/08/16 05:13 AM
W71,4,W71-4,"23,032.34","13,925.25","6,076.05",4,4,"",2,01/08/16 05:13 AM
W71,5,W71-5,"23,245.13","14,161.49","6,091.11",5,5,"",2,01/08/16 05:13 AM
W79,0,W79-0,"21,908.32","5,042.33","13,987.11",0,0,"",2,01/08/16 05:13 AM
W79,1,W79-1,"18,674.83","10,909.55","5,332.03",1,1,"",2,01/08/16 05:13 AM
W79,10,W79-10,"15,018.59","7,670.91","4,997.61",10,10,"",2,01/08/16 05:13 AM
W79,2,W79-2,"14,653.13","7,226.59","4,774.23",2,2,"",2,01/08/16 05:13 AM
W79,3,W79-3,"18,346.62","10,381.6","5,107.29",3,3,"",2,01/08/16 05:13 AM
W79,4,W79-4,"18,159.37","9,768.61","5,509.3",4,4,"",2,01/08/16 05:13 AM
W79,5,W79-5,"19,859.65","10,340.09","6,591.49",5,5,"",2,01/08/16 05:13 AM
W79,6,W79-6,"19,564.6","9,921.25","6,759.45",6,6,"",2,01/08/16 05:13 AM
W79,7,W79-7,"16,528.73","8,552.7","5,421.28",7,7,"",2,01/08/16 05:13 AM
W79,8,W79-8,"13,578.17","6,693.23","4,623.93",8,8,"",2,01/08/16 05:13 AM
W79,9,W79-9,"14,897.69","7,537.64","4,904.47",9,9,"",2,01/08/16 05:13 AM
W84,00,W84-00,"5,880.7","4,241.35",731.28,-1,00,"",3,01/08/16 05:13 AM
W84,0,W84-0,"5,854.12","1,106.25","4,000.73",0,0,"",2,01/08/16 05:13 AM
W84,1,W84-1,"3,943.36","1,882.3","1,485.88",1,1,"",2,01/08/16 05:13 AM
W84,10,W84-10,"5,850.4","4,416.79",814.96,10,10,"",2,01/08/16 05:13 AM
W84,11,W84-11,"5,850.4","4,416.82",814.96,11,11,"",2,01/08/16 05:13 AM
W84,12,W84-12,"5,850.4","4,416.79",814.96,12,12,"",2,01/08/16 05:13 AM
W84,13,W84-13,"5,850.4","4,416.79",814.96,13,13,"",2,01/08/16 05:13 AM
W84,14,W84-14,"5,850.4","4,416.79",814.96,14,14,"",2,01/08/16 05:13 AM
W84,15,W84-15,"5,850.4","4,416.79",814.96,15,15,"",2,01/08/16 05:13 AM
W84,16,W84-16,"5,850.4","4,416.82",814.96,16,16,"",2,01/08/16 05:13 AM
W84,17,W84-17,"5,850.4","4,416.82",803.88,17,17,"",2,01/08/16 05:13 AM
W84,18,W84-18,"5,850.4","4,416.79",803.88,18,18,"",2,01/08/16 05:13 AM
W84,19,W84-19,"5,850.4","4,416.79",814.96,19,19,"",2,01/08/16 05:13 AM
W84,2,W84-2,"5,850.4","4,417.13",814.96,2,2,"",2,01/08/16 05:13 AM
W84,20,W84-20,"5,850.4","4,416.79",814.96,20,20,"",2,01/08/16 05:13 AM
W84,21,W84-21,"5,850.4","4,416.79",814.96,21,21,"",2,01/08/16 05:13 AM
W84,22,W84-22,"5,850.4","4,416.79",814.96,22,22,"",2,01/08/16 05:13 AM
W84,23,W84-23,"5,850.4","4,416.79",814.96,23,23,"",2,01/08/16 05:13 AM
W84,24,W84-24,"5,863.92","4,452.32",908.82,24,24,"",2,01/08/16 05:13 AM
W84,25,W84-25,"1,029.31",0,907.17,25,25,"",2,01/08/16 05:13 AM
W84,26,W84-26,"1,048.14",0,929,26,26,"",2,01/08/16 05:13 AM
W84,3,W84-3,"5,850.4","4,417.13",814.96,3,3,"",2,01/08/16 05:13 AM
W84,4,W84-4,"5,850.4","4,417.13",814.96,4,4,"",2,01/08/16 05:13 AM
W84,5,W84-5,"5,850.4","4,416.79",814.96,5,5,"",2,01/08/16 05:13 AM
W84,6,W84-6,"5,850.4","4,416.79",814.96,6,6,"",2,01/08/16 05:13 AM
W84,7,W84-7,"5,850.4","4,416.79",814.96,7,7,"",2,01/08/16 05:13 AM
W84,8,W84-8,"5,850.4","4,416.79",814.96,8,8,"",2,01/08/16 05:13 AM
W84,9,W84-9,"5,850.4","4,416.79",814.96,9,9,"",2,01/08/16 05:13 AM
W85,00,W85-00,"5,674.58","4,663.71",672.58,-1,00,"",3,01/08/16 05:13 AM
W85,0,W85-0,"7,628.97","1,461.28","5,495.35",0,0,"",2,01/08/16 05:13 AM
W85,1,W85-1,"3,101.42","1,280.89","1,496.9",1,1,"",2,01/08/16 05:13 AM
W85,10,W85-10,"6,492.94","5,124.33","1,068.82",10,10,"",2,01/08/16 05:13 AM
W85,11,W85-11,"6,492.94","5,124.33","1,068.82",11,11,"",2,01/08/16 05:13 AM
W85,12,W85-12,"6,492.94","5,124.33","1,068.82",12,12,"",2,01/08/16 05:13 AM
W85,13,W85-13,"6,492.94","5,124.33","1,068.82",13,13,"",2,01/08/16 05:13 AM
W85,14,W85-14,"6,492.94","5,124.33","1,068.82",14,14,"",2,01/08/16 05:13 AM
W85,15,W85-15,"6,492.94","5,124.33","1,068.82",15,15,"",2,01/08/16 05:13 AM
W85,16,W85-16,"6,492.94","5,124.33","1,068.82",16,16,"",2,01/08/16 05:13 AM
W85,17,W85-17,902.46,0,750.07,17,17,"",2,01/08/16 05:13 AM
W85,18,W85-18,902.46,0,764.46,18,18,"",2,01/08/16 05:13 AM
W85,2,W85-2,"6,492.94","5,124.33","1,068.82",2,2,"",2,01/08/16 05:13 AM
W85,3,W85-3,"6,492.94","5,124.33","1,068.82",3,3,"",2,01/08/16 05:13 AM
W85,4,W85-4,"6,492.94","5,124.33","1,068.82",4,4,"",2,01/08/16 05:13 AM
W85,5,W85-5,"6,492.94","5,124.33","1,068.82",5,5,"",2,01/08/16 05:13 AM
W85,6,W85-6,"6,492.94","5,124.33","1,068.82",6,6,"",2,01/08/16 05:13 AM
W85,7,W85-7,"6,492.94","5,124.33","1,068.82",7,7,"",2,01/08/16 05:13 AM
W85,8,W85-8,"6,492.94","5,124.33","1,068.82",8,8,"",2,01/08/16 05:13 AM
W85,9,W85-9,"6,492.94","5,124.33","1,068.82",9,9,"",2,01/08/16 05:13 AM
W85A,1,W85A-1,"1,562.14","1,173.73",213.46,1,1,"",2,01/08/16 05:13 AM
W85A,2,W85A-2,"1,562.14","1,276.05",120.11,2,2,"",2,01/08/16 05:13 AM
W85A,3,W85A-3,"1,562.14","1,276.05",120.11,3,3,"",2,01/08/16 05:13 AM
W85ABC,1,W85ABC-1,"4,661.35","3,507.36",640.38,1,1,"",2,01/08/16 05:13 AM
W85ABC,2,W85ABC-2,"4,660.84","3,813.01",360.98,2,2,"",2,01/08/16 05:13 AM
W85ABC,3,W85ABC-3,"4,661.35","3,813.01",360.98,3,3,"",2,01/08/16 05:13 AM
W85B,1,W85B-1,"1,545.38","1,167.36",213.46,1,1,"",2,01/08/16 05:13 AM
W85B,2,W85B-2,"1,545.03","1,269.12",120.11,2,2,"",2,01/08/16 05:13 AM
W85B,3,W85B-3,"1,545.38","1,269.12",120.11,3,3,"",2,01/08/16 05:13 AM
W85C,1,W85C-1,"1,553.83","1,166.27",213.46,1,1,"",2,01/08/16 05:13 AM
W85C,2,W85C-2,"1,553.67","1,267.84",120.76,2,2,"",2,01/08/16 05:13 AM
W85C,3,W85C-3,"1,553.83","1,267.84",120.76,3,3,"",2,01/08/16 05:13 AM
W85D,1,W85D-1,"1,555.9","1,167.35",215.73,1,1,"",2,01/08/16 05:13 AM
W85D,2,W85D-2,"1,555.9","1,272.87",119.41,2,2,"",2,01/08/16 05:13 AM
W85D,3,W85D-3,"1,555.9","1,272.87",119.41,3,3,"",2,01/08/16 05:13 AM
W85DE,1,W85DE-1,"3,106.97","2,332.56",429.19,1,1,"",2,01/08/16 05:13 AM
W85DE,2,W85DE-2,"3,106.97","2,542.61",237.56,2,2,"",2,01/08/16 05:13 AM
W85DE,3,W85DE-3,"3,106.97","2,542.61",237.56,3,3,"",2,01/08/16 05:13 AM
W85E,1,W85E-1,"1,551.07","1,165.21",213.46,1,1,"",2,01/08/16 05:13 AM
W85E,2,W85E-2,"1,551.07","1,269.74",118.15,2,2,"",2,01/08/16 05:13 AM
W85E,3,W85E-3,"1,551.07","1,269.74",118.15,3,3,"",2,01/08/16 05:13 AM
W85F,1,W85F-1,"1,555.9","1,167.35",215.73,1,1,"",2,01/08/16 05:13 AM
W85F,2,W85F-2,"1,555.9","1,272.87",119.41,2,2,"",2,01/08/16 05:13 AM
W85F,3,W85F-3,"1,555.9","1,272.87",119.41,3,3,"",2,01/08/16 05:13 AM
W85FG,1,W85FG-1,"3,106.97","2,332.56",429.19,1,1,"",2,01/08/16 05:13 AM
W85FG,2,W85FG-2,"3,106.97","2,542.61",237.56,2,2,"",2,01/08/16 05:13 AM
W85FG,3,W85FG-3,"3,106.97","2,542.61",237.56,3,3,"",2,01/08/16 05:13 AM
W85G,1,W85G-1,"1,551.07","1,165.21",213.46,1,1,"",2,01/08/16 05:13 AM
W85G,2,W85G-2,"1,551.07","1,269.74",118.15,2,2,"",2,01/08/16 05:13 AM
W85G,3,W85G-3,"1,551.07","1,269.74",118.15,3,3,"",2,01/08/16 05:13 AM
W85H,1,W85H-1,"1,562.13","1,173.51",214.11,1,1,"",2,01/08/16 05:13 AM
W85H,2,W85H-2,"1,557.69","1,276.69",116.19,2,2,"",2,01/08/16 05:13 AM
W85H,3,W85H-3,"1,557.8","1,277.32",115.6,3,3,"",2,01/08/16 05:13 AM
W85HJK,1,W85HJK-1,"4,673.89","3,510.07",649.17,1,1,"",2,01/08/16 05:13 AM
W85HJK,2,W85HJK-2,"4,660.68","3,821.24",353.62,2,2,"",2,01/08/16 05:13 AM
W85HJK,3,W85HJK-3,"4,660.9","3,818.99",355.61,3,3,"",2,01/08/16 05:13 AM
W85J,1,W85J-1,"1,547.26","1,165.38",216.39,1,1,"",2,01/08/16 05:13 AM
W85J,2,W85J-2,"1,542.94","1,269.68",117.43,2,2,"",2,01/08/16 05:13 AM
W85J,3,W85J-3,"1,540.5","1,266.5",118.09,3,3,"",2,01/08/16 05:13 AM
W85K,1,W85K-1,"1,564.5","1,171.18",218.67,1,1,"",2,01/08/16 05:13 AM
W85K,2,W85K-2,"1,560.05","1,274.87",120,2,2,"",2,01/08/16 05:13 AM
W85K,3,W85K-3,"1,562.6","1,275.17",121.92,3,3,"",2,01/08/16 05:13 AM
W89,1,W89-1,"7,692","3,770.75","2,898.81",1,1,"",0,01/08/16 05:13 AM
W89,2,W89-2,"7,217.35","3,913.25","2,058.06",2,2,"",0,01/08/16 05:13 AM
W91,0,W91-0,"2,935.88",909.85,"1,482.1",0,0,"",1,01/08/16 05:13 AM
W91,1,W91-1,"23,212.49","13,022.27","8,032.02",1,1,"",1,01/08/16 05:13 AM
W91,2,W91-2,"9,600.11","6,176.4","2,357.46",2,2,"",1,01/08/16 05:13 AM
W92,0,W92-0,"29,636.43","25,714.51","1,836.81",0,0,"",2,01/08/16 05:13 AM
W92,1,W92-1,"28,557.98","21,994.47","4,055.21",1,1,"",2,01/08/16 05:13 AM
W92,2,W92-2,"28,327.25","24,216.85","2,103.99",2,2,"",2,01/08/16 05:13 AM
W98,0,W98-0,"13,215.65","7,291.34","3,867.35",0,0,"",2,01/08/16 05:13 AM
W98,1,W98-1,"12,122.54","8,105.4","2,730.19",1,1,"",2,01/08/16 05:13 AM
W98,2,W98-2,"12,146.8","6,884.4","3,926.75",2,2,"",2,01/08/16 05:13 AM
W98,3,W98-3,"12,143.97","6,930.75","3,853.68",3,3,"",2,01/08/16 05:13 AM
W98,4,W98-4,"12,143.97","6,496.07","4,253.46",4,4,"",2,01/08/16 05:13 AM
W98,5,W98-5,"12,142.87","6,643.36","4,098.59",5,5,"",2,01/08/16 05:13 AM
W98,6,W98-6,"8,564.94","5,508.41","2,129.78",6,6,"",0,01/08/16 05:13 AM
WW15,0,WW15-0,"1,865.63",866.38,761.8,0,0,"",2,01/08/16 05:13 AM
WW15,1,WW15-1,"40,280.12","36,629.54","2,062.24",1,1,"",0,01/08/16 05:13 AM
WW25,1,WW25-1,"2,300.01","2,300",0,1,1,"",0,01/08/16 05:13 AM
