Country,Year,Gender ratio,Education level,Percentage women
0,1995,0.91,0,1995
0,2005,0.95,0,2005
0,2010,0.97,0,2010
0,2015,1.0,0,2015
0,2018,0.98,0,2018
0,2019,0.98,0,2019
0,2020,0.98,0,2020
0,1995,0.88,0,1995
0,2015,0.99,0,2015
0,2018,0.99,0,2018
0,2019,0.99,0,2019
0,2020,0.99,0,2020
0,1995,0.85,0,1995
0,2005,0.94,0,2005
0,2010,0.96,0,2010
0,2015,0.98,0,2015
15,1995,0.86,15,1995
15,2005,0.93,15,2005
15,2010,0.95,15,2010
15,2015,0.97,15,2015
15,2018,0.97,15,2018
15,2019,0.98,15,2019
15,2020,0.98,15,2020
15,2005,0.99,15,2005
15,2010,0.98,15,2010
15,2015,0.99,15,2015
15,2018,1.0,15,2018
15,2019,1.01,15,2019
15,2020,1.01,15,2020
15,1995,0.92,15,1995
15,2005,1.07,15,2005
15,2010,1.07,15,2010
15,2015,1.06,15,2015
15,2018,1.07,15,2018
15,2019,1.09,15,2019
15,2020,1.1,15,2020
202,1995,0.84,202,1995
202,2005,0.88,202,2005
202,2010,0.93,202,2010
202,2015,0.96,202,2015
202,2018,0.96,202,2018
202,2019,0.96,202,2019
202,2020,0.96,202,2020
202,1995,0.8,202,1995
202,2005,0.78,202,2005
202,2010,0.82,202,2010
202,2015,0.86,202,2015
202,2018,0.89,202,2018
202,2019,0.89,202,2019
202,2020,0.89,202,2020
202,2010,0.78,202,2010
202,2015,0.81,202,2015
202,2018,0.84,202,2018
202,2019,0.85,202,2019
202,2020,0.86,202,2020
21,1995,0.99,21,1995
21,2005,0.99,21,2005
21,2010,1.0,21,2010
21,2015,1.0,21,2015
21,2018,1.0,21,2018
21,2019,1.01,21,2019
21,2020,1.01,21,2020
21,1995,1.01,21,1995
21,2005,1.01,21,2005
21,2010,1.01,21,2010
21,2015,1.01,21,2015
21,2018,0.99,21,2018
21,2019,0.99,21,2019
21,2020,0.99,21,2020
21,1995,1.04,21,1995
21,2005,1.05,21,2005
21,2010,1.02,21,2010
21,2015,1.02,21,2015
21,2019,0.98,21,2019
21,2020,0.98,21,2020
419,1995,0.97,419,1995
419,2005,0.97,419,2005
419,2010,0.97,419,2010
419,2015,0.98,419,2015
419,2018,0.99,419,2018
419,2019,0.98,419,2019
419,2020,0.99,419,2020
419,1995,1.07,419,1995
419,2005,1.07,419,2005
419,2010,1.08,419,2010
419,2015,1.05,419,2015
419,2018,1.04,419,2018
419,2019,1.05,419,2019
419,2020,1.05,419,2020
419,2005,1.12,419,2005
419,2010,1.16,419,2010
419,2015,1.11,419,2015
419,2018,1.1,419,2018
419,2019,1.1,419,2019
419,2020,1.09,419,2020
143,1995,0.98,143,1995
143,2005,0.99,143,2005
143,2010,0.99,143,2010
143,2015,0.99,143,2015
143,2018,0.99,143,2018
143,2019,0.99,143,2019
143,2020,0.99,143,2020
143,1995,1.0,143,1995
143,2005,0.96,143,2005
143,2010,0.98,143,2010
143,2018,0.98,143,2018
143,2020,0.98,143,2020
143,2005,0.98,143,2005
143,2010,1.0,143,2010
143,2015,1.01,143,2015
143,2019,1.0,143,2019
30,1995,0.95,30,1995
30,2005,1.0,30,2005
30,2010,0.98,30,2010
30,2015,1.0,30,2015
30,2018,1.01,30,2018
30,2019,1.01,30,2019
30,2020,1.01,30,2020
30,1995,0.89,30,1995
30,2005,0.98,30,2005
30,2010,1.0,30,2010
30,2015,1.02,30,2015
30,2018,1.02,30,2018
30,2019,1.02,30,2019
30,2020,1.02,30,2020
30,1995,0.88,30,1995
30,2010,0.99,30,2010
30,2015,1.04,30,2015
30,2018,1.04,30,2018
30,2019,1.03,30,2019
30,2020,1.03,30,2020
35,1995,0.97,35,1995
35,2005,0.97,35,2005
35,2010,1.0,35,2010
35,2015,0.97,35,2015
35,2018,0.98,35,2018
35,2019,0.98,35,2019
35,2020,0.98,35,2020
35,1995,0.93,35,1995
35,2005,1.0,35,2005
35,2010,1.01,35,2010
35,2015,1.01,35,2015
35,2018,1.03,35,2018
35,2019,1.03,35,2019
35,2020,1.03,35,2020
35,2005,0.98,35,2005
35,2010,0.98,35,2010
35,2018,1.05,35,2018
35,2019,1.05,35,2019
35,2020,1.05,35,2020
34,1995,0.82,34,1995
34,2005,0.96,34,2005
34,2010,1.0,34,2010
34,2015,1.06,34,2015
34,2018,0.99,34,2018
34,2019,0.99,34,2019
34,2020,1.0,34,2020
34,1995,0.67,34,1995
34,2005,0.86,34,2005
34,2010,0.93,34,2010
34,2015,1.0,34,2015
34,2018,1.0,34,2018
34,2019,1.01,34,2019
34,2020,0.99,34,2020
34,1995,0.49,34,1995
34,2005,0.81,34,2005
34,2010,0.9,34,2010
34,2015,0.95,34,2015
34,2018,0.97,34,2018
34,2019,0.98,34,2019
34,2020,0.95,34,2020
145,1995,0.88,145,1995
145,2005,0.91,145,2005
145,2010,0.93,145,2010
145,2015,0.94,145,2015
145,2018,0.94,145,2018
145,2019,0.94,145,2019
145,2020,0.94,145,2020
145,1995,0.75,145,1995
145,2005,0.86,145,2005
145,2010,0.91,145,2010
145,2019,0.92,145,2019
145,2020,0.93,145,2020
145,1995,0.68,145,1995
145,2005,0.84,145,2005
145,2010,0.9,145,2010
145,2015,0.93,145,2015
145,2018,0.93,145,2018
145,2019,0.9,145,2019
145,2020,0.91,145,2020
150,1995,0.99,150,1995
150,2005,0.99,150,2005
150,2010,0.99,150,2010
150,2015,1.0,150,2015
150,2018,1.0,150,2018
150,2019,1.0,150,2019
150,2020,1.0,150,2020
150,1995,1.02,150,1995
150,2005,1.0,150,2005
150,2018,0.99,150,2018
150,1995,1.04,150,1995
150,2005,1.01,150,2005
9,1995,0.97,9,1995
9,2005,0.98,9,2005
9,2010,0.97,9,2010
9,2015,0.97,9,2015
9,2018,0.98,9,2018
9,2019,0.97,9,2019
9,2020,0.98,9,2020
9,1995,0.99,9,1995
9,2005,0.97,9,2005
9,2010,0.93,9,2010
9,2015,0.89,9,2015
9,2018,0.94,9,2018
9,2019,0.94,9,2019
9,2020,0.94,9,2020
9,2005,0.95,9,2005
9,2010,0.92,9,2010
9,2015,0.88,9,2015
9,2018,0.99,9,2018
9,2019,0.96,9,2019
9,2020,0.96,9,2020
4,1995,0.52,4,1995
4,2005,0.58,4,2005
4,2010,0.68,4,2010
4,2015,0.68,4,2015
4,2018,0.67,4,2018
4,2019,0.67,4,2019
4,1995,0.38,4,1995
4,2005,0.33,4,2005
4,2010,0.5,4,2010
4,2015,0.56,4,2015
4,2018,0.57,4,2018
4,2005,0.28,4,2005
4,2010,0.42,4,2010
4,2015,0.52,4,2015
4,2018,0.54,4,2018
8,1995,0.97,8,1995
8,2005,1.01,8,2005
8,2010,1.01,8,2010
8,2015,1.03,8,2015
8,2018,1.04,8,2018
8,2019,1.03,8,2019
8,2020,1.03,8,2020
8,1995,0.99,8,1995
8,2005,0.97,8,2005
8,2015,0.96,8,2015
8,2018,1.01,8,2018
8,2019,1.01,8,2019
8,2020,1.02,8,2020
8,2005,0.91,8,2005
8,2010,0.97,8,2010
8,2015,0.9,8,2015
8,2018,0.97,8,2018
8,2019,0.98,8,2019
8,2020,1.01,8,2020
12,1995,0.88,12,1995
12,2005,0.93,12,2005
12,2010,0.94,12,2010
12,2015,0.95,12,2015
12,2018,0.96,12,2018
12,2019,0.96,12,2019
12,2020,0.97,12,2020
12,1995,0.89,12,1995
12,2005,1.1,12,2005
12,2010,1.04,12,2010
12,1995,1.03,12,1995
12,2005,1.48,12,2005
12,2010,1.42,12,2010
24,2010,0.8,24,2010
24,2015,0.87,24,2015
24,2010,0.68,24,2010
24,2010,0.56,24,2010
660,2005,1.02,660,2005
660,2010,0.96,660,2010
660,2019,0.99,660,2019
660,2005,0.99,660,2005
660,2010,0.99,660,2010
660,2019,0.97,660,2019
660,2010,1.1,660,2010
660,2019,0.95,660,2019
28,2010,0.92,28,2010
28,2015,0.97,28,2015
28,2018,0.99,28,2018
28,2010,1.05,28,2010
28,2015,1.02,28,2015
28,2018,0.96,28,2018
28,2010,1.53,28,2010
28,2015,1.15,28,2015
28,2018,1.13,28,2018
32,2005,0.99,32,2005
32,2010,0.99,32,2010
32,2015,1.0,32,2015
32,2018,1.0,32,2018
32,2019,1.0,32,2019
32,2005,1.09,32,2005
32,2010,1.1,32,2010
32,2015,1.06,32,2015
32,2018,1.04,32,2018
32,2019,1.04,32,2019
32,2005,1.16,32,2005
32,2010,1.2,32,2010
32,2015,1.15,32,2015
32,2018,1.12,32,2018
32,2019,1.1,32,2019
51,1995,1.02,51,1995
51,2005,1.02,51,2005
51,2010,1.03,51,2010
51,2015,1.02,51,2015
51,2018,1.0,51,2018
51,2019,1.01,51,2019
51,2020,1.01,51,2020
51,2010,0.98,51,2010
51,2015,1.05,51,2015
51,2018,1.04,51,2018
51,2019,1.05,51,2019
51,2020,1.04,51,2020
51,2010,0.96,51,2010
51,2015,1.11,51,2015
51,2018,1.08,51,2018
51,2019,1.12,51,2019
51,2020,1.1,51,2020
533,2005,0.94,533,2005
533,2010,0.99,533,2010
533,2005,1.0,533,2005
533,2010,1.05,533,2010
533,2005,1.13,533,2005
533,2010,1.16,533,2010
36,1995,1.0,36,1995
36,2005,1.02,36,2005
36,2010,1.0,36,2010
36,2015,1.0,36,2015
36,2018,1.0,36,2018
36,2019,1.0,36,2019
36,2015,0.87,36,2015
36,2018,0.94,36,2018
36,2019,0.93,36,2019
36,1995,0.97,36,1995
36,2015,0.85,36,2015
36,2018,0.96,36,2018
40,1995,0.99,40,1995
40,2005,1.0,40,2005
40,2010,0.99,40,2010
40,2015,0.99,40,2015
40,2018,0.99,40,2018
40,2019,0.99,40,2019
40,1995,0.94,40,1995
40,2005,0.95,40,2005
40,2010,0.96,40,2010
40,2015,0.96,40,2015
40,2018,0.96,40,2018
40,2019,0.97,40,2019
40,1995,0.88,40,1995
40,2005,0.91,40,2005
40,2010,0.93,40,2010
40,2015,0.94,40,2015
40,2018,0.93,40,2018
40,2019,0.95,40,2019
31,1995,1.12,31,1995
31,2005,0.95,31,2005
31,2010,0.99,31,2010
31,2015,0.98,31,2015
31,2018,1.01,31,2018
31,2019,1.03,31,2019
31,2020,1.04,31,2020
31,1995,1.02,31,1995
31,2018,1.0,31,2018
31,2019,1.0,31,2019
31,2020,0.98,31,2020
31,1995,0.88,31,1995
31,2018,1.03,31,2018
31,2019,1.01,31,2019
31,2020,0.95,31,2020
44,1995,1.0,44,1995
44,2005,0.97,44,2005
44,2005,0.99,44,2005
44,2010,1.04,44,2010
44,2005,1.05,44,2005
44,2010,1.07,44,2010
48,1995,1.01,48,1995
48,2005,1.04,48,2005
48,2015,1.01,48,2015
48,2018,0.99,48,2018
48,2019,0.99,48,2019
48,1995,1.04,48,1995
48,2005,1.11,48,2005
48,2010,1.01,48,2010
48,2015,0.99,48,2015
48,2018,1.06,48,2018
48,2019,1.09,48,2019
48,2005,1.19,48,2005
48,2010,1.05,48,2010
48,2015,1.03,48,2015
48,2018,1.05,48,2018
48,2019,1.12,48,2019
50,2005,1.05,50,2005
50,2010,1.06,50,2010
50,2018,1.07,50,2018
50,2020,1.09,50,2020
50,2005,1.07,50,2005
50,2010,1.12,50,2010
50,2015,1.13,50,2015
50,2018,1.16,50,2018
50,2019,1.17,50,2019
50,2020,1.21,50,2020
50,2005,0.97,50,2005
50,2010,0.97,50,2010
50,2015,0.99,50,2015
50,2018,1.04,50,2018
50,2019,1.06,50,2019
50,2020,1.12,50,2020
52,2005,1.0,52,2005
52,2010,1.02,52,2010
52,2015,0.99,52,2015
52,2018,0.96,52,2018
52,2019,0.96,52,2019
52,2020,0.97,52,2020
52,2005,0.99,52,2005
52,2010,1.0,52,2010
52,2015,1.04,52,2015
52,2018,1.04,52,2018
52,2019,1.04,52,2019
52,2020,1.03,52,2020
52,2005,1.03,52,2005
52,2010,1.08,52,2010
52,2015,1.05,52,2015
52,2018,1.09,52,2018
52,2019,1.08,52,2019
52,2020,1.13,52,2020
112,1995,0.96,112,1995
112,2005,0.97,112,2005
112,2010,1.0,112,2010
112,2015,1.0,112,2015
112,2018,1.0,112,2018
112,2010,0.97,112,2010
112,2015,0.98,112,2015
112,2018,0.99,112,2018
112,2010,0.93,112,2010
112,2015,0.95,112,2015
112,2018,0.94,112,2018
56,1995,0.99,56,1995
56,2005,1.0,56,2005
56,2010,1.0,56,2010
56,2015,1.0,56,2015
56,2018,1.0,56,2018
56,2019,1.01,56,2019
56,1995,1.08,56,1995
56,2005,1.12,56,2005
56,2010,1.14,56,2010
56,2015,1.14,56,2015
56,2018,1.12,56,2018
56,2019,1.13,56,2019
56,1995,1.05,56,1995
56,2005,1.1,56,2005
56,2010,1.18,56,2010
56,2015,1.18,56,2015
56,2018,1.17,56,2018
56,2019,1.17,56,2019
84,1995,0.96,84,1995
84,2005,0.96,84,2005
84,2010,0.96,84,2010
84,2015,0.95,84,2015
84,2018,0.95,84,2018
84,2019,0.97,84,2019
84,2020,0.95,84,2020
84,1995,1.03,84,1995
84,2005,1.03,84,2005
84,2010,1.08,84,2010
84,2015,1.03,84,2015
84,2018,1.04,84,2018
84,2019,1.02,84,2019
84,2020,1.04,84,2020
84,2005,1.16,84,2005
84,2010,1.2,84,2010
84,2015,1.13,84,2015
84,2018,1.22,84,2018
84,2019,1.17,84,2019
84,2020,1.17,84,2020
204,1995,0.57,204,1995
204,2005,0.79,204,2005
204,2010,0.89,204,2010
204,2015,0.93,204,2015
204,2018,0.94,204,2018
204,2019,0.93,204,2019
204,2020,0.93,204,2020
204,2015,0.71,204,2015
204,2020,0.81,204,2020
204,2005,0.51,204,2005
204,2015,0.5,204,2015
204,2020,0.65,204,2020
60,1995,0.99,60,1995
60,2005,1.05,60,2005
60,2015,0.98,60,2015
60,2005,1.13,60,2005
60,2010,1.18,60,2010
60,2015,1.12,60,2015
60,2005,1.18,60,2005
60,2010,1.2,60,2010
60,2015,1.22,60,2015
64,1995,0.78,64,1995
64,2005,0.97,64,2005
64,2010,1.02,64,2010
64,2015,1.01,64,2015
64,2018,1.0,64,2018
64,2020,1.02,64,2020
64,2005,0.92,64,2005
64,2010,1.04,64,2010
64,2015,1.07,64,2015
64,2018,1.13,64,2018
64,2005,0.69,64,2005
64,2010,0.91,64,2010
64,2015,0.98,64,2015
64,2018,1.06,64,2018
68,1995,0.97,68,1995
68,2005,1.0,68,2005
68,2010,0.99,68,2010
68,2015,0.98,68,2015
68,2018,0.99,68,2018
68,2019,0.99,68,2019
68,2005,0.95,68,2005
68,2010,1.0,68,2010
68,2015,0.99,68,2015
68,2018,0.98,68,2018
68,2019,0.98,68,2019
68,2010,1.01,68,2010
68,2015,1.0,68,2015
68,2018,1.0,68,2018
68,2019,1.01,68,2019
70,2019,1.04,70,2019
70,2020,1.04,70,2020
72,1995,1.02,72,1995
72,2005,0.99,72,2005
72,2015,0.98,72,2015
72,1995,1.08,72,1995
72,2005,1.03,72,2005
72,1995,0.93,72,1995
72,2005,0.97,72,2005
76,2005,0.94,76,2005
76,2015,0.96,76,2015
76,2018,0.97,76,2018
76,2019,0.96,76,2019
76,2005,1.1,76,2005
76,2015,1.06,76,2015
76,2018,1.03,76,2018
76,2019,1.05,76,2019
76,2005,1.17,76,2005
76,2015,1.17,76,2015
76,2018,1.13,76,2018
76,2019,1.13,76,2019
92,1995,1.0,92,1995
92,2005,0.96,92,2005
92,2010,0.98,92,2010
92,2015,0.94,92,2015
92,2018,1.0,92,2018
92,2019,1.0,92,2019
92,2020,1.01,92,2020
92,2005,1.12,92,2005
92,2010,1.02,92,2010
92,2015,1.09,92,2015
92,2020,0.99,92,2020
92,2005,1.04,92,2005
92,2010,1.2,92,2010
92,2015,1.21,92,2015
92,2020,1.05,92,2020
96,1995,0.95,96,1995
96,2005,0.96,96,2005
96,2010,1.0,96,2010
96,2015,1.0,96,2015
96,2018,1.01,96,2018
96,2019,1.01,96,2019
96,2020,1.0,96,2020
96,2005,0.99,96,2005
96,2010,1.01,96,2010
96,2015,1.02,96,2015
96,2018,1.02,96,2018
96,2019,1.03,96,2019
96,2020,1.03,96,2020
96,2005,1.07,96,2005
96,2015,1.04,96,2015
96,2018,1.04,96,2018
96,2019,1.05,96,2019
96,2020,1.05,96,2020
100,1995,0.99,100,1995
100,2005,0.99,100,2005
100,2010,1.0,100,2010
100,2015,0.99,100,2015
100,2018,0.99,100,2018
100,2019,0.99,100,2019
100,1995,1.0,100,1995
100,2005,0.96,100,2005
100,2010,0.96,100,2010
100,2015,0.97,100,2015
100,2018,0.97,100,2018
100,2019,0.98,100,2019
100,1995,1.07,100,1995
100,2005,0.98,100,2005
100,2010,0.97,100,2010
100,2015,0.98,100,2015
100,2018,0.96,100,2018
854,1995,0.66,854,1995
854,2005,0.8,854,2005
854,2010,0.91,854,2010
854,2015,0.97,854,2015
854,2018,0.98,854,2018
854,2019,0.99,854,2019
854,2020,1.01,854,2020
854,2005,0.71,854,2005
854,2010,0.76,854,2010
854,2015,0.92,854,2015
854,2018,1.0,854,2018
854,2019,1.03,854,2019
854,2020,1.06,854,2020
854,2005,0.6,854,2005
854,2010,0.61,854,2010
854,2015,0.66,854,2015
854,2018,0.72,854,2018
854,2019,0.79,854,2019
854,2020,0.83,854,2020
108,1995,0.8,108,1995
108,2005,0.86,108,2005
108,2010,0.99,108,2010
108,2015,1.03,108,2015
108,2018,1.01,108,2018
108,2019,1.01,108,2019
108,2005,0.74,108,2005
108,2010,0.72,108,2010
108,2015,0.94,108,2015
108,2018,1.11,108,2018
108,2019,1.15,108,2019
108,2005,0.66,108,2005
108,2010,0.59,108,2010
108,2015,0.74,108,2015
108,2018,0.96,108,2018
108,2019,1.02,108,2019
132,2005,0.96,132,2005
132,2010,0.93,132,2010
132,2015,0.93,132,2015
132,2018,0.93,132,2018
132,2019,0.94,132,2019
132,2005,1.13,132,2005
132,2010,1.19,132,2010
132,2015,1.12,132,2015
132,2018,1.1,132,2018
132,2019,1.09,132,2019
132,2005,1.14,132,2005
132,2010,1.32,132,2010
132,2015,1.28,132,2015
132,2018,1.27,132,2018
132,2019,1.24,132,2019
116,1995,0.82,116,1995
116,2005,0.93,116,2005
116,2010,0.94,116,2010
116,2015,0.99,116,2015
116,2018,0.98,116,2018
116,2019,0.97,116,2019
116,2020,0.97,116,2020
116,2020,1.08,116,2020
116,2020,0.99,116,2020
120,1995,0.9,120,1995
120,2005,0.84,120,2005
120,2010,0.86,120,2010
120,2015,0.9,120,2015
120,2018,0.9,120,2018
120,2019,0.9,120,2019
120,1995,0.69,120,1995
120,2005,0.79,120,2005
120,2015,0.86,120,2015
120,2005,0.77,120,2005
120,2015,0.81,120,2015
120,2020,0.87,120,2020
124,1995,0.99,124,1995
124,2005,0.99,124,2005
124,2010,1.01,124,2010
124,2015,1.01,124,2015
124,2018,1.0,124,2018
124,2019,0.99,124,2019
124,1995,1.0,124,1995
124,2005,0.98,124,2005
124,2010,0.98,124,2010
124,2018,1.01,124,2018
124,2019,1.01,124,2019
124,1995,1.01,124,1995
124,2010,0.97,124,2010
136,2005,0.96,136,2005
136,2018,0.97,136,2018
136,2020,0.98,136,2020
136,2005,0.93,136,2005
136,2018,1.01,136,2018
136,2020,1.03,136,2020
136,2005,1.0,136,2005
136,2018,0.98,136,2018
136,2020,1.08,136,2020
140,2005,0.7,140,2005
140,2010,0.73,140,2010
148,1995,0.49,148,1995
148,2005,0.68,148,2005
148,2010,0.73,148,2010
148,2015,0.77,148,2015
148,2018,0.78,148,2018
148,2019,0.78,148,2019
148,1995,0.24,148,1995
148,2005,0.35,148,2005
148,2010,0.42,148,2010
148,2015,0.45,148,2015
148,2018,0.52,148,2018
148,2019,0.53,148,2019
148,1995,0.19,148,1995
148,2005,0.28,148,2005
148,2010,0.36,148,2010
148,2015,0.35,148,2015
148,2018,0.44,148,2018
148,2019,0.44,148,2019
152,2005,0.96,152,2005
152,2010,0.97,152,2010
152,2015,0.97,152,2015
152,2018,0.97,152,2018
152,2019,0.97,152,2019
152,2005,1.01,152,2005
152,2010,1.03,152,2010
152,2015,1.01,152,2015
152,2018,1.0,152,2018
152,2019,0.99,152,2019
152,2005,1.03,152,2005
152,2010,1.05,152,2010
152,2015,1.02,152,2015
152,2018,1.01,152,2018
152,2019,1.0,152,2019
156,1995,0.95,156,1995
156,2010,0.98,156,2010
156,2015,1.0,156,2015
156,2018,1.01,156,2018
156,2019,1.01,156,2019
156,2020,1.01,156,2020
156,1995,0.85,156,1995
156,2010,1.0,156,2010
156,2015,1.05,156,2015
156,2018,1.04,156,2018
156,2019,1.04,156,2019
156,2020,1.03,156,2020
344,1995,1.01,344,1995
344,2015,1.02,344,2015
344,2018,1.04,344,2018
344,2019,1.05,344,2019
344,2020,1.04,344,2020
344,2005,1.01,344,2005
344,2010,1.0,344,2010
344,2015,0.98,344,2015
344,2018,0.97,344,2018
344,2019,0.98,344,2019
344,2020,0.99,344,2020
344,2005,1.03,344,2005
344,2010,1.02,344,2010
344,2015,0.99,344,2015
344,2019,0.96,344,2019
344,2020,0.96,344,2020
446,2005,0.94,446,2005
446,2010,0.98,446,2010
446,2015,0.98,446,2015
446,2018,0.99,446,2018
446,2019,0.98,446,2019
446,2020,0.98,446,2020
446,2005,0.93,446,2005
446,2010,0.97,446,2010
446,2015,0.99,446,2015
446,2018,1.0,446,2018
446,2019,1.0,446,2019
446,2020,1.0,446,2020
446,2005,0.98,446,2005
446,2010,1.03,446,2010
446,2015,1.01,446,2015
446,2018,1.02,446,2018
446,2019,1.02,446,2019
170,1995,0.99,170,1995
170,2005,0.98,170,2005
170,2010,0.98,170,2010
170,2015,0.97,170,2015
170,2018,0.97,170,2018
170,2019,0.97,170,2019
170,1995,1.15,170,1995
170,2005,1.11,170,2005
170,2010,1.1,170,2010
170,2015,1.07,170,2015
170,2018,1.05,170,2018
170,2019,1.05,170,2019
170,2005,1.19,170,2005
170,2010,1.2,170,2010
170,2015,1.18,170,2015
170,2018,1.15,170,2018
170,2019,1.14,170,2019
174,2018,1.0,174,2018
174,2018,1.07,174,2018
174,2018,1.11,174,2018
178,1995,0.85,178,1995
178,2005,0.93,178,2005
178,2010,0.95,178,2010
178,2018,0.97,178,2018
184,2005,0.99,184,2005
184,2010,0.95,184,2010
184,2015,0.96,184,2015
184,2019,0.96,184,2019
184,2020,0.98,184,2020
184,2005,1.05,184,2005
184,2010,1.1,184,2010
184,2015,1.06,184,2015
184,2019,1.04,184,2019
184,2020,0.99,184,2020
184,2010,1.26,184,2010
184,2015,1.16,184,2015
184,2019,1.07,184,2019
184,2020,1.16,184,2020
188,1995,0.99,188,1995
188,2005,0.97,188,2005
188,2010,0.98,188,2010
188,2015,0.99,188,2015
188,2018,1.01,188,2018
188,2019,1.01,188,2019
188,2020,1.02,188,2020
188,1995,1.08,188,1995
188,2005,1.04,188,2005
188,2010,1.04,188,2010
188,2015,1.04,188,2015
188,2018,1.08,188,2018
188,2019,1.08,188,2019
188,2020,1.09,188,2020
188,1995,1.13,188,1995
188,2005,1.14,188,2005
188,2010,1.16,188,2010
188,2015,1.18,188,2015
188,2018,1.2,188,2018
188,2019,1.17,188,2019
188,2020,1.18,188,2020
384,1995,0.73,384,1995
384,2015,0.88,384,2015
384,2018,0.93,384,2018
384,2019,0.94,384,2019
384,2020,0.94,384,2020
384,2015,0.7,384,2015
384,2018,0.77,384,2018
384,2019,0.79,384,2019
384,2020,0.83,384,2020
384,2015,0.66,384,2015
384,2018,0.7,384,2018
384,2019,0.71,384,2019
384,2020,0.75,384,2020
191,1995,1.0,191,1995
191,2005,1.0,191,2005
191,2010,1.0,191,2010
191,2015,1.0,191,2015
191,2018,1.0,191,2018
191,2019,1.01,191,2019
191,1995,1.04,191,1995
191,2005,1.03,191,2005
191,2010,1.07,191,2010
191,2015,1.05,191,2015
191,2018,1.05,191,2018
191,2019,1.05,191,2019
191,2005,1.05,191,2005
191,2010,1.12,191,2010
192,1995,0.99,192,1995
192,2005,0.97,192,2005
192,2010,0.98,192,2010
192,2015,0.94,192,2015
192,2018,0.96,192,2018
192,2019,0.97,192,2019
192,2020,0.97,192,2020
192,1995,1.12,192,1995
192,2005,1.02,192,2005
192,2010,1.0,192,2010
192,2015,1.02,192,2015
192,2018,1.02,192,2018
192,2019,1.01,192,2019
192,2020,1.01,192,2020
192,2005,1.06,192,2005
192,2010,1.03,192,2010
192,2015,1.11,192,2015
192,2018,1.09,192,2018
192,2019,1.08,192,2019
192,2020,1.07,192,2020
531,2020,0.95,531,2020
531,2020,1.22,531,2020
531,2020,1.55,531,2020
196,1995,1.0,196,1995
196,2005,1.0,196,2005
196,2010,1.0,196,2010
196,2015,1.0,196,2015
196,2018,0.99,196,2018
196,2019,0.99,196,2019
196,1995,1.01,196,1995
196,2005,1.02,196,2005
196,2010,1.01,196,2010
196,2015,0.99,196,2015
196,2018,0.98,196,2018
196,2019,0.97,196,2019
196,2005,1.03,196,2005
196,2010,1.02,196,2010
196,2018,0.96,196,2018
196,2019,0.96,196,2019
203,1995,1.0,203,1995
203,2005,0.99,203,2005
203,2010,1.0,203,2010
203,2015,1.0,203,2015
203,2018,1.01,203,2018
203,2019,1.0,203,2019
203,1995,1.03,203,1995
203,2005,1.02,203,2005
203,2010,1.01,203,2010
203,2015,1.01,203,2015
203,2018,1.0,203,2018
203,2019,1.01,203,2019
203,1995,1.06,203,1995
203,2005,1.03,203,2005
203,2015,1.02,203,2015
203,2019,1.02,203,2019
408,2018,1.0,408,2018
408,2015,1.01,408,2015
408,2015,1.02,408,2015
408,2018,1.02,408,2018
180,1995,0.69,180,1995
180,2010,0.87,180,2010
180,2015,0.99,180,2015
180,2018,0.94,180,2018
180,1995,0.61,180,1995
180,2010,0.58,180,2010
180,2015,0.64,180,2015
180,2010,0.52,180,2010
180,2015,0.62,180,2015
208,1995,1.0,208,1995
208,2005,1.0,208,2005
208,2010,1.0,208,2010
208,2015,0.99,208,2015
208,2018,1.0,208,2018
208,2019,1.0,208,2019
208,1995,1.03,208,1995
208,2005,1.04,208,2005
208,2010,1.01,208,2010
208,2015,1.05,208,2015
208,2019,0.99,208,2019
208,1995,1.05,208,1995
208,2005,1.05,208,2005
208,2015,1.08,208,2015
208,2018,1.02,208,2018
208,2019,1.01,208,2019
262,1995,0.78,262,1995
262,2005,0.82,262,2005
262,2015,1.07,262,2015
262,2018,1.02,262,2018
262,2019,1.0,262,2019
262,2020,0.96,262,2020
262,1995,0.69,262,1995
262,2005,0.66,262,2005
262,2015,0.95,262,2015
262,2018,1.0,262,2018
262,2019,1.03,262,2019
262,2020,1.03,262,2020
262,2005,0.63,262,2005
262,2015,0.89,262,2015
262,2018,0.99,262,2018
262,2019,0.99,262,2019
262,2020,1.01,262,2020
212,1995,1.15,212,1995
212,2005,1.0,212,2005
212,2010,0.98,212,2010
212,2015,0.98,212,2015
212,2019,0.97,212,2019
212,2020,0.93,212,2020
212,2005,1.08,212,2005
212,2010,1.09,212,2010
212,2015,0.99,212,2015
212,2019,1.02,212,2019
212,2020,1.03,212,2020
212,2005,1.36,212,2005
212,2010,1.38,212,2010
212,2015,1.12,212,2015
212,2019,1.2,212,2019
212,2020,1.15,212,2020
214,2005,0.95,214,2005
214,2010,0.88,214,2010
214,2015,0.91,214,2015
214,2018,0.94,214,2018
214,2019,0.95,214,2019
214,2020,0.96,214,2020
214,2005,1.19,214,2005
214,2010,1.12,214,2010
214,2015,1.1,214,2015
214,2018,1.08,214,2018
214,2019,1.09,214,2019
214,2020,1.09,214,2020
214,2005,1.24,214,2005
214,2010,1.19,214,2010
214,2015,1.15,214,2015
214,2018,1.2,214,2018
214,2019,1.19,214,2019
214,2020,1.18,214,2020
218,1995,1.0,218,1995
218,2005,1.0,218,2005
218,2010,1.0,218,2010
218,2015,1.0,218,2015
218,2018,1.02,218,2018
218,2019,1.02,218,2019
218,2020,1.02,218,2020
218,2005,1.01,218,2005
218,2010,1.05,218,2010
218,2015,1.04,218,2015
218,2018,1.03,218,2018
218,2019,1.03,218,2019
218,2005,1.07,218,2005
218,2010,1.08,218,2010
218,2015,1.06,218,2015
218,2018,1.04,218,2018
218,2019,1.04,218,2019
218,2020,1.04,218,2020
818,1995,0.89,818,1995
818,2005,0.95,818,2005
818,2010,0.97,818,2010
818,2018,1.0,818,2018
818,2019,1.01,818,2019
818,1995,0.88,818,1995
818,2018,0.99,818,2018
818,2019,0.99,818,2019
818,2010,0.94,818,2010
818,2018,0.97,818,2018
818,2019,0.98,818,2019
222,1995,0.98,222,1995
222,2005,0.97,222,2005
222,2010,0.95,222,2010
222,2015,0.96,222,2015
222,2018,0.97,222,2018
222,2019,0.98,222,2019
222,2005,1.0,222,2005
222,2010,0.99,222,2010
222,2015,1.01,222,2015
222,2018,0.99,222,2018
222,2019,1.01,222,2019
222,2005,1.04,222,2005
222,2010,1.02,222,2010
222,2015,1.05,222,2015
222,2018,1.02,222,2018
222,2019,1.04,222,2019
226,2005,0.97,226,2005
226,2010,0.99,226,2010
226,2015,0.99,226,2015
226,2005,0.74,226,2005
226,2005,0.42,226,2005
232,1995,0.81,232,1995
232,2005,0.81,232,2005
232,2010,0.85,232,2010
232,2015,0.86,232,2015
232,2018,0.86,232,2018
232,1995,0.72,232,1995
232,2005,0.6,232,2005
232,2010,0.77,232,2010
232,2015,0.85,232,2015
232,2018,0.91,232,2018
232,2005,0.53,232,2005
232,2010,0.71,232,2010
232,2018,0.95,232,2018
233,1995,0.97,233,1995
233,2005,0.97,233,2005
233,2010,0.99,233,2010
233,2015,1.0,233,2015
233,2018,1.0,233,2018
233,2019,1.01,233,2019
233,1995,1.12,233,1995
233,2005,1.04,233,2005
233,2010,1.0,233,2010
233,2018,1.03,233,2018
233,2019,1.04,233,2019
233,2005,1.12,233,2005
233,2010,1.03,233,2010
233,2015,1.03,233,2015
233,2018,1.05,233,2018
233,2019,1.08,233,2019
748,1995,0.98,748,1995
748,2005,0.93,748,2005
748,2010,0.91,748,2010
748,2015,0.91,748,2015
748,2018,0.92,748,2018
748,2019,0.92,748,2019
748,2005,0.96,748,2005
748,2010,0.95,748,2010
748,2015,1.0,748,2015
748,2005,0.88,748,2005
748,2010,0.92,748,2010
748,2015,0.99,748,2015
231,1995,0.6,231,1995
231,2005,0.84,231,2005
231,2010,0.92,231,2010
231,2015,0.91,231,2015
231,2020,0.91,231,2020
231,1995,0.8,231,1995
231,2005,0.6,231,2005
231,2010,0.83,231,2010
231,2015,0.96,231,2015
231,1995,0.79,231,1995
231,2005,0.67,231,2005
231,2010,0.7,231,2010
231,2015,0.98,231,2015
242,1995,1.0,242,1995
242,2015,0.98,242,2015
242,2019,0.96,242,2019
246,1995,1.0,246,1995
246,2005,0.99,246,2005
246,2010,0.99,246,2010
246,2015,0.99,246,2015
246,2018,0.99,246,2018
246,2019,0.99,246,2019
246,1995,1.15,246,1995
246,2005,1.05,246,2005
246,2010,1.05,246,2010
246,2015,1.1,246,2015
246,2018,1.1,246,2018
246,2019,1.1,246,2019
246,1995,1.27,246,1995
246,2005,1.09,246,2005
246,2010,1.09,246,2010
246,2015,1.16,246,2015
246,2018,1.17,246,2018
246,2019,1.16,246,2019
250,1995,0.98,250,1995
250,2005,0.99,250,2005
250,2010,0.99,250,2010
250,2015,0.99,250,2015
250,2018,0.99,250,2018
250,2019,0.99,250,2019
250,1995,0.99,250,1995
250,2005,1.0,250,2005
250,2010,1.01,250,2010
250,2015,1.01,250,2015
250,2018,1.01,250,2018
250,2019,1.0,250,2019
250,2005,1.02,250,2005
250,2010,1.03,250,2010
250,2015,1.03,250,2015
250,2018,1.02,250,2018
250,2019,1.01,250,2019
254,1995,0.97,254,1995
254,1995,1.04,254,1995
258,1995,0.96,258,1995
266,1995,1.0,266,1995
266,1995,0.84,266,1995
270,1995,0.75,270,1995
270,2005,1.03,270,2005
270,2010,1.03,270,2010
270,2015,1.07,270,2015
270,2018,1.09,270,2018
270,2019,1.11,270,2019
270,2020,1.12,270,2020
270,1995,0.56,270,1995
270,2010,0.96,270,2010
270,2010,0.87,270,2010
268,1995,0.99,268,1995
268,2005,1.04,268,2005
268,2010,1.01,268,2010
268,2015,1.0,268,2015
268,2018,1.01,268,2018
268,2019,1.01,268,2019
268,2020,1.01,268,2020
268,1995,0.94,268,1995
268,2015,1.03,268,2015
268,2005,1.05,268,2005
268,2015,1.05,268,2015
268,2018,1.03,268,2018
276,1995,0.99,276,1995
276,2005,1.0,276,2005
276,2010,0.99,276,2010
276,2015,1.0,276,2015
276,2018,1.01,276,2018
276,2019,1.01,276,2019
276,1995,0.96,276,1995
276,2005,0.97,276,2005
276,2010,0.95,276,2010
276,2015,0.95,276,2015
276,2018,0.94,276,2018
276,2019,0.95,276,2019
276,1995,0.89,276,1995
276,2005,0.94,276,2005
276,2010,0.89,276,2010
276,2015,0.9,276,2015
276,2018,0.89,276,2018
276,2019,0.88,276,2019
288,1995,0.9,288,1995
288,2005,0.96,288,2005
288,2015,1.0,288,2015
288,2018,1.01,288,2018
288,2019,1.01,288,2019
288,2020,1.02,288,2020
288,1995,0.73,288,1995
288,2005,0.84,288,2005
288,2015,0.95,288,2015
288,2018,0.99,288,2018
288,2019,1.0,288,2019
288,2020,1.0,288,2020
288,2005,0.73,288,2005
288,2015,0.9,288,2015
288,2018,0.95,288,2018
288,2019,0.96,288,2019
288,2020,0.97,288,2020
292,2019,1.02,292,2019
292,2020,1.09,292,2020
292,2019,0.95,292,2019
292,2020,0.98,292,2020
292,2019,0.94,292,2019
300,1995,1.02,300,1995
300,2005,0.98,300,2005
300,2010,0.98,300,2010
300,2015,0.99,300,2015
300,2018,1.0,300,2018
300,2019,1.01,300,2019
300,1995,1.01,300,1995
300,2005,0.95,300,2005
300,2010,0.97,300,2010
300,2015,0.93,300,2015
300,2018,0.95,300,2018
300,2019,0.95,300,2019
300,2005,0.96,300,2005
300,2010,0.99,300,2010
300,2015,0.91,300,2015
300,2018,0.94,300,2018
300,2019,0.94,300,2019
308,1995,0.92,308,1995
308,2005,0.97,308,2005
308,2010,0.96,308,2010
308,2015,0.96,308,2015
308,2018,0.98,308,2018
308,2005,1.03,308,2005
308,2010,1.03,308,2010
308,2015,0.98,308,2015
308,2018,1.03,308,2018
308,2005,1.15,308,2005
308,2010,1.26,308,2010
308,2015,1.1,308,2015
308,2018,1.08,308,2018
312,1995,1.09,312,1995
320,1995,0.87,320,1995
320,2005,0.94,320,2005
320,2010,0.98,320,2010
320,2015,0.97,320,2015
320,2018,0.97,320,2018
320,2019,0.98,320,2019
320,2020,0.98,320,2020
320,2005,0.92,320,2005
320,2010,0.94,320,2010
320,2015,0.94,320,2015
320,2018,0.95,320,2018
320,2019,0.96,320,2019
320,2005,1.02,320,2005
320,2010,1.01,320,2010
320,2015,1.03,320,2015
320,2018,1.05,320,2018
320,2019,1.07,320,2019
320,2020,1.08,320,2020
324,1995,0.51,324,1995
324,2005,0.8,324,2005
324,2010,0.82,324,2010
324,2020,0.85,324,2020
324,2005,0.49,324,2005
324,2005,0.44,324,2005
624,1995,0.57,624,1995
624,2010,0.93,624,2010
328,1995,0.97,328,1995
328,2005,1.0,328,2005
328,2010,0.97,328,2010
328,2005,1.02,328,2005
328,2010,1.04,328,2010
328,2005,1.05,328,2005
328,2010,1.06,328,2010
332,1995,0.95,332,1995
340,1995,1.01,340,1995
340,2005,1.0,340,2005
340,2010,1.0,340,2010
340,2015,0.99,340,2015
340,2019,1.0,340,2019
340,2020,1.01,340,2020
340,2010,1.23,340,2010
340,2015,1.2,340,2015
340,2019,1.12,340,2019
340,2020,1.15,340,2020
340,2010,1.39,340,2010
340,2015,1.35,340,2015
340,2019,1.26,340,2019
340,2020,1.26,340,2020
348,1995,0.99,348,1995
348,2005,0.98,348,2005
348,2010,0.99,348,2010
348,2015,1.0,348,2015
348,2018,0.99,348,2018
348,2019,0.99,348,2019
348,1995,1.04,348,1995
348,2005,0.99,348,2005
348,2015,1.01,348,2015
348,2018,1.0,348,2018
348,2019,1.16,348,2019
348,1995,1.09,348,1995
348,2005,1.0,348,2005
348,2010,1.0,348,2010
348,2015,1.02,348,2015
348,2019,1.0,348,2019
352,1995,1.0,352,1995
352,2005,0.98,352,2005
352,2010,1.01,352,2010
352,2015,1.0,352,2015
352,2018,1.0,352,2018
352,2019,1.0,352,2019
352,1995,0.97,352,1995
352,2005,1.01,352,2005
352,2010,1.02,352,2010
352,2015,1.01,352,2015
352,2018,0.99,352,2018
352,2019,0.97,352,2019
352,1995,0.96,352,1995
352,2005,1.03,352,2005
352,2010,1.03,352,2010
352,2018,0.98,352,2018
352,2019,0.96,352,2019
356,1995,0.83,356,1995
356,2010,1.03,356,2010
356,2015,1.12,356,2015
356,2019,1.02,356,2019
356,2020,1.02,356,2020
356,1995,0.65,356,1995
356,2005,0.84,356,2005
356,2010,0.94,356,2010
356,2015,1.02,356,2015
356,2018,1.01,356,2018
356,2020,1.0,356,2020
356,1995,0.56,356,1995
356,2005,0.77,356,2005
356,2010,0.9,356,2010
356,2015,0.98,356,2015
356,2018,0.98,356,2018
356,2019,0.99,356,2019
356,2020,0.95,356,2020
360,1995,0.97,360,1995
360,2005,0.97,360,2005
360,2010,1.03,360,2010
360,2015,0.97,360,2015
360,2018,0.97,360,2018
360,1995,0.86,360,1995
360,2005,0.99,360,2005
360,2010,1.01,360,2010
360,2015,1.0,360,2015
360,2018,1.03,360,2018
360,1995,0.84,360,1995
360,2005,0.95,360,2005
360,2010,0.98,360,2010
360,2015,0.96,360,2015
360,2018,1.04,360,2018
364,1995,0.92,364,1995
364,2005,0.97,364,2005
364,2010,0.98,364,2010
364,2015,1.06,364,2015
364,1995,0.84,364,1995
364,2005,0.96,364,2005
364,2010,0.94,364,2010
364,2015,0.94,364,2015
364,2005,1.03,364,2005
372,1995,1.0,372,1995
372,2005,1.0,372,2005
372,2010,1.0,372,2010
372,2015,1.0,372,2015
372,2018,0.99,372,2018
372,2019,1.0,372,2019
372,1995,1.06,372,1995
372,2005,1.09,372,2005
372,2010,1.06,372,2010
372,2015,1.03,372,2015
372,2018,1.14,372,2018
372,2019,1.1,372,2019
372,1995,1.11,372,1995
372,2005,1.15,372,2005
372,2010,1.12,372,2010
372,2015,1.06,372,2015
372,2018,1.22,372,2018
372,2019,1.16,372,2019
376,2005,1.01,376,2005
376,2010,1.0,376,2010
376,2015,1.01,376,2015
376,2018,1.01,376,2018
376,2019,1.01,376,2019
376,2005,0.99,376,2005
376,2010,1.02,376,2010
376,2018,1.02,376,2018
376,2019,1.02,376,2019
376,2005,0.98,376,2005
376,2015,1.02,376,2015
380,1995,0.99,380,1995
380,2005,0.99,380,2005
380,2010,0.99,380,2010
380,2015,1.0,380,2015
380,2018,0.97,380,2018
380,2019,0.98,380,2019
380,1995,1.0,380,1995
380,2018,0.99,380,2018
380,1995,1.02,380,1995
380,2005,1.01,380,2005
380,2010,1.0,380,2010
380,2015,1.01,380,2015
380,2018,1.0,380,2018
380,2019,1.0,380,2019
388,2005,1.0,388,2005
388,2005,1.06,388,2005
388,2010,1.08,388,2010
388,2015,1.07,388,2015
388,2018,1.03,388,2018
388,2019,1.02,388,2019
388,2020,1.01,388,2020
388,2005,1.16,388,2005
388,2010,1.2,388,2010
388,2015,1.06,388,2015
388,2018,1.05,388,2018
388,2019,1.03,388,2019
388,2020,1.03,388,2020
392,1995,1.0,392,1995
392,2018,1.0,392,2018
400,1995,1.01,400,1995
400,2005,1.01,400,2005
400,2010,0.98,400,2010
400,2018,0.98,400,2018
400,2019,0.98,400,2019
400,2020,0.99,400,2020
400,2005,1.03,400,2005
400,2010,1.04,400,2010
400,2018,1.03,400,2018
400,2019,1.02,400,2019
400,2020,1.03,400,2020
400,2005,1.06,400,2005
400,2010,1.14,400,2010
400,2018,1.16,400,2018
400,2019,1.11,400,2019
400,2020,1.11,400,2020
398,1995,1.01,398,1995
398,2005,1.0,398,2005
398,2010,1.01,398,2010
398,2015,1.0,398,2015
398,2018,1.02,398,2018
398,2019,1.02,398,2019
398,2020,1.0,398,2020
398,2015,1.03,398,2015
398,2018,1.01,398,2018
398,2019,1.01,398,2019
398,2010,1.03,398,2010
398,2015,1.09,398,2015
404,1995,0.98,404,1995
404,2005,0.96,404,2005
404,2015,1.0,404,2015
404,2005,0.94,404,2005
404,2005,0.89,404,2005
296,1995,1.03,296,1995
296,2005,1.01,296,2005
296,2015,1.02,296,2015
296,2020,1.06,296,2020
296,1995,1.24,296,1995
296,2005,1.15,296,2005
296,2005,1.26,296,2005
414,1995,1.01,414,1995
414,2005,1.04,414,2005
414,2010,0.98,414,2010
414,2015,1.03,414,2015
414,2018,1.1,414,2018
414,2019,1.15,414,2019
414,2020,1.13,414,2020
414,1995,1.06,414,1995
414,2005,1.09,414,2005
414,2010,1.02,414,2010
414,2015,1.06,414,2015
414,2005,1.1,414,2005
414,2010,1.08,414,2010
417,1995,1.02,417,1995
417,2005,0.98,417,2005
417,2010,0.99,417,2010
417,2015,0.99,417,2015
417,2018,0.99,417,2018
417,2019,0.99,417,2019
417,2020,1.0,417,2020
417,2005,1.0,417,2005
417,2010,1.0,417,2010
417,2015,1.01,417,2015
417,2018,1.0,417,2018
417,2019,1.0,417,2019
417,2005,1.03,417,2005
417,2010,1.01,417,2010
417,2015,1.06,417,2015
417,2018,1.02,417,2018
417,2019,1.03,417,2019
417,2020,1.03,417,2020
418,1995,0.81,418,1995
418,2005,0.87,418,2005
418,2010,0.91,418,2010
418,2015,0.95,418,2015
418,2018,0.96,418,2018
418,2019,0.97,418,2019
418,2020,0.97,418,2020
418,1995,0.66,418,1995
418,2005,0.75,418,2005
418,2010,0.82,418,2010
418,2015,0.92,418,2015
418,2018,0.93,418,2018
418,2019,0.94,418,2019
418,2020,0.95,418,2020
418,2005,0.71,418,2005
418,2010,0.81,418,2010
418,2015,0.89,418,2015
418,2018,0.9,418,2018
418,2019,0.89,418,2019
418,2020,0.89,418,2020
428,1995,0.97,428,1995
428,2005,0.98,428,2005
428,2010,0.98,428,2010
428,2015,1.0,428,2015
428,2018,1.0,428,2018
428,2019,1.0,428,2019
428,1995,1.07,428,1995
428,2005,0.99,428,2005
428,2010,0.99,428,2010
428,2015,0.98,428,2015
428,2018,0.99,428,2018
428,1995,1.21,428,1995
428,2005,1.04,428,2005
428,2010,1.01,428,2010
428,2015,0.99,428,2015
428,2019,1.01,428,2019
426,1995,1.11,426,1995
426,2005,0.99,426,2005
426,2010,0.96,426,2010
426,2015,0.95,426,2015
426,2005,1.26,426,2005
426,2010,1.39,426,2010
426,2015,1.35,426,2015
426,2005,1.16,426,2005
426,2010,1.35,426,2010
426,2015,1.34,426,2015
430,2015,0.9,430,2015
430,2015,0.77,430,2015
430,2015,0.74,430,2015
434,2005,0.99,434,2005
434,2005,1.19,434,2005
434,2005,1.44,434,2005
438,2005,0.92,438,2005
438,2010,0.94,438,2010
438,2015,0.98,438,2015
438,2018,1.01,438,2018
438,2019,1.0,438,2019
438,2005,0.87,438,2005
438,2010,0.85,438,2010
438,2015,0.78,438,2015
438,2018,0.83,438,2018
438,2019,0.86,438,2019
438,2005,0.74,438,2005
438,2010,0.7,438,2010
438,2015,0.66,438,2015
438,2018,0.76,438,2018
438,2019,0.77,438,2019
440,1995,0.97,440,1995
440,2005,0.99,440,2005
440,2010,0.99,440,2010
440,2015,1.0,440,2015
440,2018,1.0,440,2018
440,2019,1.0,440,2019
440,1995,1.05,440,1995
440,2010,0.98,440,2010
440,2015,0.96,440,2015
440,2018,0.96,440,2018
440,2019,0.97,440,2019
440,2005,1.05,440,2005
440,2010,1.01,440,2010
440,2015,0.95,440,2015
440,2018,0.95,440,2018
440,2019,0.95,440,2019
442,2005,1.0,442,2005
442,2010,1.01,442,2010
442,2015,1.0,442,2015
442,2018,0.98,442,2018
442,2019,0.99,442,2019
442,1995,1.01,442,1995
442,2005,1.05,442,2005
442,2010,1.03,442,2010
442,2015,1.04,442,2015
442,2018,1.02,442,2018
442,2019,1.0,442,2019
442,1995,0.94,442,1995
442,2005,1.09,442,2005
442,2010,1.04,442,2010
442,2015,1.06,442,2015
442,2018,1.07,442,2018
442,2019,1.06,442,2019
450,1995,1.04,450,1995
450,2005,0.96,450,2005
450,2010,0.98,450,2010
450,2015,1.0,450,2015
450,2018,1.01,450,2018
450,2019,1.02,450,2019
450,2015,0.99,450,2015
450,2018,1.03,450,2018
450,2019,1.04,450,2019
450,2005,0.89,450,2005
450,2015,0.93,450,2015
450,2018,0.97,450,2018
450,2019,0.99,450,2019
454,1995,0.9,454,1995
454,2005,1.01,454,2005
454,2010,1.02,454,2010
454,2015,1.02,454,2015
454,2018,1.01,454,2018
454,2019,1.03,454,2019
454,1995,0.67,454,1995
454,2005,0.79,454,2005
454,2010,0.88,454,2010
454,2015,0.91,454,2015
454,2018,0.98,454,2018
454,2019,0.83,454,2019
454,2005,0.67,454,2005
454,2010,0.72,454,2010
454,2015,0.83,454,2015
454,2018,0.89,454,2018
454,2019,0.9,454,2019
458,1995,1.0,458,1995
458,2005,1.0,458,2005
458,2010,1.01,458,2010
458,2015,1.01,458,2015
458,2018,1.02,458,2018
458,2019,1.01,458,2019
458,1995,1.09,458,1995
458,2005,1.1,458,2005
458,2010,1.08,458,2010
458,2015,1.09,458,2015
458,2018,1.08,458,2018
458,2019,1.08,458,2019
458,2005,1.22,458,2005
458,2010,1.16,458,2010
458,2015,1.14,458,2015
458,2018,1.15,458,2018
458,2019,1.14,458,2019
462,1995,0.97,462,1995
462,2005,0.98,462,2005
462,2015,0.97,462,2015
462,2018,1.04,462,2018
462,2019,1.03,462,2019
462,1995,1.05,462,1995
462,2018,1.01,462,2018
462,2019,0.93,462,2019
462,2018,1.56,462,2018
462,2019,1.26,462,2019
466,1995,0.69,466,1995
466,2005,0.79,466,2005
466,2010,0.86,466,2010
466,2015,0.9,466,2015
466,2018,0.9,466,2018
466,1995,0.49,466,1995
466,2005,0.62,466,2005
466,2010,0.69,466,2010
466,2015,0.79,466,2015
466,2018,0.82,466,2018
466,2005,0.58,466,2005
466,2010,0.61,466,2010
466,2015,0.69,466,2015
466,2018,0.7,466,2018
470,1995,0.97,470,1995
470,2005,0.98,470,2005
470,2010,1.0,470,2010
470,2015,1.01,470,2015
470,2018,1.01,470,2018
470,2019,1.01,470,2019
470,1995,0.94,470,1995
470,2005,0.96,470,2005
470,2010,0.89,470,2010
470,2015,1.06,470,2015
470,2018,1.0,470,2018
470,2019,1.0,470,2019
470,2005,0.83,470,2005
470,2010,0.76,470,2010
470,2015,1.12,470,2015
470,2018,1.03,470,2018
470,2019,1.03,470,2019
584,2005,1.25,584,2005
584,2015,0.98,584,2015
584,2019,0.96,584,2019
584,2020,0.96,584,2020
584,2005,1.02,584,2005
584,2015,1.07,584,2015
584,2019,1.08,584,2019
584,2020,1.11,584,2020
584,2005,1.05,584,2005
584,2015,1.14,584,2015
584,2019,1.11,584,2019
584,2020,1.12,584,2020
474,1995,0.98,474,1995
474,1995,1.06,474,1995
478,1995,0.84,478,1995
478,2005,1.03,478,2005
478,2010,1.05,478,2010
478,2015,1.05,478,2015
478,2018,1.06,478,2018
478,2019,1.06,478,2019
478,1995,0.57,478,1995
478,2005,0.88,478,2005
478,2010,0.85,478,2010
478,2015,0.93,478,2015
478,2018,1.02,478,2018
478,2019,1.05,478,2019
478,1995,0.52,478,1995
478,2005,0.86,478,2005
478,2010,0.78,478,2010
478,2015,0.87,478,2015
478,2018,1.04,478,2018
480,1995,1.0,480,1995
480,2005,1.0,480,2005
480,2010,1.01,480,2010
480,2015,1.02,480,2015
480,2018,1.03,480,2018
480,2019,1.03,480,2019
480,2005,0.98,480,2005
480,2010,1.05,480,2010
480,2015,1.04,480,2015
480,2018,1.06,480,2018
480,2019,1.02,480,2019
480,2005,0.94,480,2005
480,2010,1.07,480,2010
480,2015,1.11,480,2015
480,2018,1.14,480,2018
480,2019,1.08,480,2019
484,1995,0.97,484,1995
484,2005,0.98,484,2005
484,2010,0.99,484,2010
484,2015,1.0,484,2015
484,2018,1.01,484,2018
484,2019,1.01,484,2019
484,2005,1.04,484,2005
484,2010,1.08,484,2010
484,2015,1.07,484,2015
484,2018,1.09,484,2018
484,2019,1.1,484,2019
484,1995,0.96,484,1995
484,2005,1.03,484,2005
484,2010,1.06,484,2010
484,2015,1.02,484,2015
484,2018,1.06,484,2018
484,2019,1.07,484,2019
583,2005,0.97,583,2005
583,2015,0.98,583,2015
583,2019,0.96,583,2019
583,2020,1.0,583,2020
583,2005,1.08,583,2005
583,2005,1.07,583,2005
496,1995,1.03,496,1995
496,2005,1.0,496,2005
496,2010,0.98,496,2010
496,2015,0.98,496,2015
496,2018,0.98,496,2018
496,2019,0.98,496,2019
496,1995,1.33,496,1995
496,2005,1.11,496,2005
496,2010,1.07,496,2010
496,2019,1.01,496,2019
496,1995,1.74,496,1995
496,2005,1.22,496,2005
496,2010,1.13,496,2010
496,2015,1.06,496,2015
496,2019,1.0,496,2019
499,2005,1.02,499,2005
499,2010,1.0,499,2010
499,2015,1.0,499,2015
499,2018,0.95,499,2018
499,2019,1.0,499,2019
499,2020,1.0,499,2020
499,2005,1.03,499,2005
499,2010,1.03,499,2010
499,2015,1.02,499,2015
499,2018,1.01,499,2018
499,2019,1.02,499,2019
499,2020,1.02,499,2020
499,2005,1.07,499,2005
499,2010,1.06,499,2010
499,2015,1.01,499,2015
499,2020,1.04,499,2020
500,1995,0.97,500,1995
500,2005,0.93,500,2005
500,2018,1.1,500,2018
500,2019,1.14,500,2019
500,2005,1.05,500,2005
500,2018,1.12,500,2018
500,2019,1.08,500,2019
500,2005,1.2,500,2005
500,2018,1.22,500,2018
500,2019,0.99,500,2019
504,1995,0.74,504,1995
504,2005,0.91,504,2005
504,2010,0.94,504,2010
504,2015,0.95,504,2015
504,2018,0.96,504,2018
504,2019,0.97,504,2019
504,2020,0.97,504,2020
504,2005,0.85,504,2005
504,2010,0.87,504,2010
504,2018,0.92,504,2018
504,2019,0.93,504,2019
504,2020,0.95,504,2020
504,2005,0.88,504,2005
504,2010,0.95,504,2010
504,2018,0.98,504,2018
504,2019,1.0,504,2019
504,2020,1.04,504,2020
508,1995,0.71,508,1995
508,2005,0.83,508,2005
508,2010,0.89,508,2010
508,2015,0.91,508,2015
508,2018,0.93,508,2018
508,2019,0.93,508,2019
508,2020,0.94,508,2020
508,1995,0.61,508,1995
508,2005,0.68,508,2005
508,2010,0.8,508,2010
508,1995,0.53,508,1995
508,2005,0.62,508,2005
508,2010,0.74,508,2010
104,1995,0.94,104,1995
104,2005,1.0,104,2005
104,2010,0.99,104,2010
104,2018,0.96,104,2018
104,2005,0.96,104,2005
104,2010,1.05,104,2010
104,2018,1.09,104,2018
104,2005,0.99,104,2005
104,2010,1.1,104,2010
104,2018,1.19,104,2018
516,1995,0.98,516,1995
516,2005,0.98,516,2005
516,2010,0.96,516,2010
516,2018,0.97,516,2018
516,1995,1.15,516,1995
516,2005,1.11,516,2005
516,1995,0.97,516,1995
516,2005,1.03,516,2005
520,2005,0.94,520,2005
520,2019,0.99,520,2019
520,2020,1.03,520,2020
520,2005,1.03,520,2005
520,2019,1.04,520,2019
520,2019,0.86,520,2019
524,1995,0.69,524,1995
524,2005,0.91,524,2005
524,2010,1.08,524,2010
524,2015,1.06,524,2015
524,2019,1.02,524,2019
524,1995,0.59,524,1995
524,2005,0.81,524,2005
524,2010,0.98,524,2010
524,2015,1.05,524,2015
524,2019,1.07,524,2019
524,2020,1.03,524,2020
524,1995,0.56,524,1995
524,2005,0.76,524,2005
524,2010,0.95,524,2010
524,2015,1.02,524,2015
524,2019,1.13,524,2019
524,2020,1.06,524,2020
528,1995,0.98,528,1995
528,2005,0.98,528,2005
528,2010,1.0,528,2010
528,2015,1.0,528,2015
528,2018,1.0,528,2018
528,2019,1.0,528,2019
528,1995,0.95,528,1995
528,2010,0.99,528,2010
528,2015,1.02,528,2015
528,2018,1.01,528,2018
528,2019,1.01,528,2019
528,1995,0.91,528,1995
528,2005,1.01,528,2005
528,2010,1.03,528,2010
528,2015,1.07,528,2015
528,2018,1.06,528,2018
528,2019,1.07,528,2019
554,1995,1.0,554,1995
554,2005,0.99,554,2005
554,2010,1.0,554,2010
554,2015,1.01,554,2015
554,2018,1.01,554,2018
554,2019,1.0,554,2019
554,1995,0.98,554,1995
554,2005,1.06,554,2005
554,2010,1.05,554,2010
554,2015,1.06,554,2015
554,2018,1.06,554,2018
554,2019,1.05,554,2019
554,1995,0.97,554,1995
554,2005,1.12,554,2005
554,2010,1.11,554,2010
554,2015,1.13,554,2015
554,2018,1.14,554,2018
554,2019,1.11,554,2019
558,1995,1.04,558,1995
558,2005,0.99,558,2005
558,2010,0.99,558,2010
558,2005,1.16,558,2005
558,2010,1.13,558,2010
558,2005,1.33,558,2005
558,2010,1.27,558,2010
562,1995,0.62,562,1995
562,2005,0.72,562,2005
562,2010,0.81,562,2010
562,2015,0.85,562,2015
562,2019,0.88,562,2019
562,2005,0.63,562,2005
562,2010,0.7,562,2010
562,2015,0.74,562,2015
562,2005,0.55,562,2005
562,2010,0.57,562,2010
562,2015,0.79,562,2015
566,1995,0.83,566,1995
566,2005,0.84,566,2005
566,2010,0.91,566,2010
566,2018,0.98,566,2018
566,2005,0.83,566,2005
566,2010,0.87,566,2010
566,2015,0.92,566,2015
566,2018,0.95,566,2018
566,2005,0.8,566,2005
566,2010,0.86,566,2010
566,2015,0.9,566,2015
566,2018,0.92,566,2018
570,2005,0.97,570,2005
570,2015,1.0,570,2015
570,2019,1.16,570,2019
570,2020,1.0,570,2020
570,2005,1.1,570,2005
570,2015,1.22,570,2015
570,2019,1.0,570,2019
570,2020,1.01,570,2020
570,2015,0.9,570,2015
570,2019,1.02,570,2019
570,2020,0.99,570,2020
807,1995,0.99,807,1995
807,2005,0.98,807,2005
807,2010,0.99,807,2010
807,2015,1.0,807,2015
807,2018,1.0,807,2018
807,2005,0.97,807,2005
807,2010,0.97,807,2010
807,2015,0.98,807,2015
807,2018,0.98,807,2018
807,2005,0.94,807,2005
807,2018,0.96,807,2018
578,1995,1.0,578,1995
578,2005,1.0,578,2005
578,2010,1.0,578,2010
578,2015,1.0,578,2015
578,2018,1.0,578,2018
578,2019,1.0,578,2019
578,1995,0.95,578,1995
578,2005,1.01,578,2005
578,2010,0.98,578,2010
578,2015,0.98,578,2015
578,2018,0.96,578,2018
578,2019,0.95,578,2019
578,1995,0.91,578,1995
578,2010,0.97,578,2010
578,2015,0.94,578,2015
578,2018,0.94,578,2018
578,2019,0.92,578,2019
512,1995,0.99,512,1995
512,2005,0.99,512,2005
512,2015,1.04,512,2015
512,2018,1.1,512,2018
512,2019,1.09,512,2019
512,2020,1.06,512,2020
512,1995,0.95,512,1995
512,2005,0.96,512,2005
512,2015,0.98,512,2015
512,2018,0.92,512,2018
512,2019,0.91,512,2019
512,2020,0.92,512,2020
512,1995,1.08,512,1995
512,2005,1.02,512,2005
512,2015,1.0,512,2015
512,2018,0.93,512,2018
512,2019,0.85,512,2019
512,2020,0.74,512,2020
586,2005,0.77,586,2005
586,2010,0.85,586,2010
586,2015,0.86,586,2015
586,2018,0.84,586,2018
586,2019,0.88,586,2019
586,2010,0.77,586,2010
586,2015,0.79,586,2015
586,2018,0.85,586,2018
586,2019,0.87,586,2019
586,2010,0.75,586,2010
586,2015,0.76,586,2015
586,2019,0.86,586,2019
585,2020,1.07,585,2020
585,2020,1.0,585,2020
585,2005,1.2,585,2005
585,2020,0.99,585,2020
591,2005,0.97,591,2005
591,2010,0.96,591,2010
591,2015,0.98,591,2015
591,2020,1.0,591,2020
591,2005,1.07,591,2005
591,2010,1.06,591,2010
591,2015,1.05,591,2015
591,2020,1.03,591,2020
591,2005,1.15,591,2005
591,2010,1.17,591,2010
591,2015,1.13,591,2015
591,2020,1.08,591,2020
598,1995,0.87,598,1995
598,2005,0.85,598,2005
598,2018,0.93,598,2018
598,1995,0.68,598,1995
598,2018,0.8,598,2018
598,2018,0.67,598,2018
600,1995,0.98,600,1995
600,2005,0.98,600,2005
600,2010,0.97,600,2010
600,2020,0.98,600,2020
600,1995,1.08,600,1995
600,2005,1.04,600,2005
600,2010,1.06,600,2010
600,2020,1.07,600,2020
600,2005,1.06,600,2005
600,2010,1.09,600,2010
600,2020,1.13,600,2020
604,1995,0.98,604,1995
604,2005,1.0,604,2005
604,2010,1.0,604,2010
604,2015,1.0,604,2015
604,2018,0.97,604,2018
604,2019,0.96,604,2019
604,2020,0.96,604,2020
604,1995,0.95,604,1995
604,2005,0.99,604,2005
604,2010,1.03,604,2010
604,2018,0.95,604,2018
604,2019,0.94,604,2019
604,2020,0.93,604,2020
604,2005,0.98,604,2005
604,2010,1.09,604,2010
604,2015,1.01,604,2015
604,2019,0.95,604,2019
604,2020,0.95,604,2020
608,1995,0.99,608,1995
608,2005,0.99,608,2005
608,2015,0.97,608,2015
608,2018,0.96,608,2018
608,2019,0.97,608,2019
608,2005,1.12,608,2005
608,2015,1.08,608,2015
608,2018,1.11,608,2018
608,2019,1.09,608,2019
608,2005,1.22,608,2005
608,2010,1.15,608,2010
608,2015,1.12,608,2015
608,2018,1.2,608,2018
608,2019,1.18,608,2019
616,1995,0.99,616,1995
616,2005,0.99,616,2005
616,2010,0.99,616,2010
616,2018,0.99,616,2018
616,2019,0.99,616,2019
616,1995,1.01,616,1995
616,2015,0.96,616,2015
616,2018,0.97,616,2018
616,2019,0.97,616,2019
616,2005,1.01,616,2005
616,2010,1.01,616,2010
616,2018,0.96,616,2018
616,2019,0.96,616,2019
620,1995,0.95,620,1995
620,2005,0.95,620,2005
620,2010,0.97,620,2010
620,2015,0.96,620,2015
620,2018,0.97,620,2018
620,2019,0.98,620,2019
620,1995,1.08,620,1995
620,2005,1.1,620,2005
620,2010,1.03,620,2010
620,2015,0.97,620,2015
620,2018,1.0,620,2018
620,2019,1.0,620,2019
620,1995,1.14,620,1995
620,2005,1.19,620,2005
620,2010,1.09,620,2010
620,2015,0.98,620,2015
620,2018,1.01,620,2018
620,2019,1.03,620,2019
630,2010,1.04,630,2010
630,2010,1.06,630,2010
630,2010,1.08,630,2010
634,1995,0.99,634,1995
634,2005,0.96,634,2005
634,2010,1.03,634,2010
634,2015,1.01,634,2015
634,2018,1.01,634,2018
634,2019,1.03,634,2019
634,2020,1.03,634,2020
634,1995,0.97,634,1995
634,2005,0.92,634,2005
634,2010,0.95,634,2010
634,2005,0.95,634,2005
634,2010,1.01,634,2010
410,1995,1.03,410,1995
410,2005,0.99,410,2005
410,2010,1.0,410,2010
410,2015,1.0,410,2015
410,2018,1.0,410,2018
410,2019,1.0,410,2019
410,1995,1.0,410,1995
410,2005,1.02,410,2005
410,2010,0.99,410,2010
410,2015,0.99,410,2015
410,2018,0.99,410,2018
410,2019,0.99,410,2019
410,2005,1.03,410,2005
498,2015,0.99,498,2015
498,2018,0.98,498,2018
498,2019,0.95,498,2019
498,2020,0.98,498,2020
498,2015,1.01,498,2015
498,2018,0.99,498,2018
498,2019,0.99,498,2019
498,2020,0.99,498,2020
498,2015,1.04,498,2015
498,2018,1.0,498,2018
498,2019,1.0,498,2019
498,2020,1.03,498,2020
638,1995,1.03,638,1995
642,1995,1.0,642,1995
642,2005,0.99,642,2005
642,2010,0.98,642,2010
642,2015,0.99,642,2015
642,2018,0.99,642,2018
642,2019,0.99,642,2019
642,1995,1.03,642,1995
642,2005,1.02,642,2005
642,2010,0.99,642,2010
642,2015,1.0,642,2015
642,2018,1.0,642,2018
642,2019,1.0,642,2019
642,2005,1.05,642,2005
642,2015,1.02,642,2015
642,2018,1.03,642,2018
642,2019,1.03,642,2019
643,1995,0.99,643,1995
643,2005,1.0,643,2005
643,2015,1.01,643,2015
643,2018,0.99,643,2018
643,2019,0.99,643,2019
643,2005,0.99,643,2005
643,2015,0.98,643,2015
643,2018,0.97,643,2018
643,2019,0.97,643,2019
643,2005,0.96,643,2005
643,2015,0.9,643,2015
643,2018,0.92,643,2018
643,2019,0.93,643,2019
646,2005,1.01,646,2005
646,2010,1.03,646,2010
646,2015,1.01,646,2015
646,2018,0.99,646,2018
646,2019,0.98,646,2019
646,2005,0.89,646,2005
646,2010,1.0,646,2010
646,2015,1.09,646,2015
646,2018,1.12,646,2018
646,2019,1.13,646,2019
646,2005,0.92,646,2005
646,2010,0.89,646,2010
646,2018,1.06,646,2018
646,2019,1.05,646,2019
654,1995,0.99,654,1995
659,1995,1.03,659,1995
659,2005,0.99,659,2005
659,2010,0.95,659,2010
659,2015,0.99,659,2015
659,2005,1.11,659,2005
659,2010,0.98,659,2010
659,2005,1.35,659,2005
659,2010,1.08,659,2010
659,2015,1.0,659,2015
662,2005,0.96,662,2005
662,2015,0.97,662,2015
662,2018,1.01,662,2018
662,2019,1.02,662,2019
662,2020,1.03,662,2020
662,2005,1.18,662,2005
662,2010,0.99,662,2010
662,2015,0.99,662,2015
662,2018,1.0,662,2018
662,2019,0.97,662,2019
662,2020,0.98,662,2020
662,2005,1.2,662,2005
662,2010,1.05,662,2010
662,2015,1.02,662,2015
662,2018,1.03,662,2018
662,2019,0.99,662,2019
662,2020,0.94,662,2020
666,1995,1.16,666,1995
670,2005,0.9,670,2005
670,2010,0.95,670,2010
670,2015,0.99,670,2015
670,2018,0.99,670,2018
670,2005,1.25,670,2005
670,2010,1.05,670,2010
670,2015,1.01,670,2015
670,2018,1.03,670,2018
670,2005,1.47,670,2005
670,2010,1.26,670,2010
670,2015,1.16,670,2015
670,2018,1.21,670,2018
882,1995,1.03,882,1995
882,2005,1.01,882,2005
882,2010,0.99,882,2010
882,2015,1.0,882,2015
882,2018,1.0,882,2018
882,2019,1.01,882,2019
882,2020,0.99,882,2020
882,1995,1.12,882,1995
882,2005,1.13,882,2005
882,2010,1.14,882,2010
882,2015,1.11,882,2015
882,1995,1.17,882,1995
882,2005,1.18,882,2005
882,2010,1.24,882,2010
882,2015,1.2,882,2015
674,2018,1.05,674,2018
674,2019,1.08,674,2019
674,2020,0.98,674,2020
674,2018,0.9,674,2018
674,2019,0.94,674,2019
674,2020,0.96,674,2020
674,2018,0.86,674,2018
674,2019,0.96,674,2019
674,2020,0.81,674,2020
678,2005,0.96,678,2005
678,2010,0.99,678,2010
678,2015,0.96,678,2015
678,2005,1.06,678,2005
678,2010,1.02,678,2010
678,2015,1.11,678,2015
678,2010,0.78,678,2010
678,2015,1.14,678,2015
682,2005,0.98,682,2005
682,2010,0.99,682,2010
682,2015,1.03,682,2015
682,2018,1.01,682,2018
682,2019,1.02,682,2019
682,2020,1.02,682,2020
682,2005,0.94,682,2005
682,2015,0.98,682,2015
682,2018,0.94,682,2018
682,2019,0.91,682,2019
682,2020,0.93,682,2020
682,2005,0.91,682,2005
682,2015,0.95,682,2015
682,2018,0.92,682,2018
682,2019,0.84,682,2019
682,2020,0.87,682,2020
686,1995,0.77,686,1995
686,2005,0.96,686,2005
686,2010,1.06,686,2010
686,2015,1.12,686,2015
686,2019,1.14,686,2019
686,2020,1.15,686,2020
686,2005,0.75,686,2005
686,2010,0.87,686,2010
686,2019,1.13,686,2019
686,2020,1.16,686,2020
686,2005,0.66,686,2005
686,2019,1.04,686,2019
686,2020,1.07,686,2020
688,2005,1.01,688,2005
688,2010,1.0,688,2010
688,2015,1.0,688,2015
688,2018,1.0,688,2018
688,2019,1.0,688,2019
688,2020,1.0,688,2020
688,2005,1.03,688,2005
688,2010,1.02,688,2010
688,2015,1.01,688,2015
688,2018,1.01,688,2018
688,2019,1.01,688,2019
688,2020,1.01,688,2020
688,2005,1.08,688,2005
688,2010,1.05,688,2010
688,2015,1.04,688,2015
688,2018,1.03,688,2018
688,2019,1.03,688,2019
688,2020,1.03,688,2020
690,1995,1.02,690,1995
690,2005,0.98,690,2005
690,2010,1.03,690,2010
690,2015,1.03,690,2015
690,2018,1.06,690,2018
690,2019,1.05,690,2019
690,2020,1.04,690,2020
690,1995,1.0,690,1995
690,2005,1.07,690,2005
690,2010,1.06,690,2010
690,2015,1.07,690,2015
690,2018,1.07,690,2018
690,2019,1.06,690,2019
690,2020,1.09,690,2020
690,1995,0.91,690,1995
690,2005,1.16,690,2005
690,2010,1.18,690,2010
690,2015,1.13,690,2015
690,2018,1.15,690,2018
690,2019,1.15,690,2019
690,2020,1.16,690,2020
694,2015,1.01,694,2015
694,2018,1.03,694,2018
694,2019,1.03,694,2019
694,2020,1.03,694,2020
694,2015,0.88,694,2015
694,2015,0.78,694,2015
702,2018,1.0,702,2018
702,2019,1.0,702,2019
702,2018,0.99,702,2018
702,2019,0.99,702,2019
702,2019,0.98,702,2019
703,1995,1.0,703,1995
703,2005,0.99,703,2005
703,2010,0.99,703,2010
703,2015,0.99,703,2015
703,2018,1.0,703,2018
703,2019,1.0,703,2019
703,1995,1.05,703,1995
703,2005,1.01,703,2005
703,2010,1.01,703,2010
703,2015,1.01,703,2015
703,2018,1.01,703,2018
703,2019,1.01,703,2019
703,2005,1.03,703,2005
703,2010,1.04,703,2010
703,2015,1.04,703,2015
703,2018,1.04,703,2018
703,2019,1.04,703,2019
705,1995,1.0,705,1995
705,2005,0.99,705,2005
705,2010,1.0,705,2010
705,2015,1.01,705,2015
705,2018,1.0,705,2018
705,2019,1.0,705,2019
705,1995,1.04,705,1995
705,2005,1.0,705,2005
705,2010,0.99,705,2010
705,2018,1.02,705,2018
705,2019,1.02,705,2019
705,2015,1.02,705,2015
705,2018,1.04,705,2018
705,2019,1.03,705,2019
90,2005,0.95,90,2005
90,2010,0.98,90,2010
90,2015,0.99,90,2015
90,2018,1.0,90,2018
90,2019,0.99,90,2019
90,2005,0.83,90,2005
90,2010,0.86,90,2010
90,2005,0.72,90,2005
90,2010,0.72,90,2010
710,1995,0.99,710,1995
710,2005,0.97,710,2005
710,2010,0.96,710,2010
710,2015,0.93,710,2015
710,2018,0.96,710,2018
710,2019,0.97,710,2019
710,2005,1.07,710,2005
710,2010,1.06,710,2010
710,2015,0.99,710,2015
710,2018,1.07,710,2018
710,2019,1.06,710,2019
710,2005,1.1,710,2005
710,2010,1.1,710,2010
710,2015,0.97,710,2015
710,2018,1.09,710,2018
710,2019,1.1,710,2019
728,2015,0.71,728,2015
728,2015,0.54,728,2015
728,2015,0.45,728,2015
724,1995,0.98,724,1995
724,2005,0.99,724,2005
724,2010,0.99,724,2010
724,2015,1.02,724,2015
724,2018,1.01,724,2018
724,2019,1.01,724,2019
724,1995,1.09,724,1995
724,2005,1.07,724,2005
724,2010,1.03,724,2010
724,2015,0.99,724,2015
724,2018,1.02,724,2018
724,2019,1.03,724,2019
724,1995,1.17,724,1995
724,2005,1.18,724,2005
724,2010,1.09,724,2010
724,2015,1.03,724,2015
724,2018,1.05,724,2018
724,2019,1.07,724,2019
144,1995,0.97,144,1995
144,2005,0.99,144,2005
144,2010,0.98,144,2010
144,2015,0.98,144,2015
144,2018,0.99,144,2018
144,2019,1.0,144,2019
144,1995,1.08,144,1995
144,2010,1.01,144,2010
144,2018,1.05,144,2018
144,1995,1.36,144,1995
144,2010,1.07,144,2010
144,2018,1.11,144,2018
275,1995,0.99,275,1995
275,2005,0.99,275,2005
275,2010,0.98,275,2010
275,2015,1.0,275,2015
275,2018,1.0,275,2018
275,2019,1.0,275,2019
275,2020,1.0,275,2020
275,1995,0.97,275,1995
275,2005,1.05,275,2005
275,2010,1.08,275,2010
275,2015,1.1,275,2015
275,2018,1.1,275,2018
275,2019,1.1,275,2019
275,2020,1.1,275,2020
275,1995,0.87,275,1995
275,2005,1.12,275,2005
275,2010,1.22,275,2010
275,2015,1.31,275,2015
275,2018,1.29,275,2018
275,2019,1.26,275,2019
275,2020,1.27,275,2020
729,2005,0.88,729,2005
729,2010,0.9,729,2010
729,2015,0.91,729,2015
729,2018,0.93,729,2018
729,2005,0.93,729,2005
729,2010,0.87,729,2010
729,2015,0.98,729,2015
729,2018,1.02,729,2018
729,2005,0.99,729,2005
729,2010,0.93,729,2010
729,2015,1.06,729,2015
729,2018,1.08,729,2018
740,2005,0.98,740,2005
740,2010,1.0,740,2010
740,2015,1.01,740,2015
740,2018,1.0,740,2018
740,2019,1.0,740,2019
740,2005,1.34,740,2005
740,2010,1.29,740,2010
740,2015,1.32,740,2015
740,2005,1.75,740,2005
740,2010,1.79,740,2010
740,2015,1.82,740,2015
752,1995,1.01,752,1995
752,2005,1.0,752,2005
752,2010,0.99,752,2010
752,2015,1.04,752,2015
752,2018,1.02,752,2018
752,2019,1.04,752,2019
752,1995,1.15,752,1995
752,2015,1.14,752,2015
752,2018,1.07,752,2018
752,2019,1.07,752,2019
752,1995,1.22,752,1995
752,2015,1.2,752,2015
752,2018,1.11,752,2018
752,2019,1.1,752,2019
756,1995,1.0,756,1995
756,2005,1.0,756,2005
756,2010,1.0,756,2010
756,2015,1.0,756,2015
756,2018,0.99,756,2018
756,2019,1.0,756,2019
756,1995,0.94,756,1995
756,2005,0.94,756,2005
756,2010,0.97,756,2010
756,2015,0.97,756,2015
756,2018,0.95,756,2018
756,2019,0.95,756,2019
756,1995,0.86,756,1995
756,2005,0.86,756,2005
756,2010,0.92,756,2010
756,2015,0.94,756,2015
756,2018,0.92,756,2018
756,2019,0.91,756,2019
760,1995,0.91,760,1995
760,2005,0.97,760,2005
760,2010,0.97,760,2010
760,1995,0.83,760,1995
760,2005,0.96,760,2005
760,2010,1.0,760,2010
760,2005,0.99,760,2005
760,2010,1.08,760,2010
762,1995,0.97,762,1995
762,2005,0.97,762,2005
762,2010,0.98,762,2010
762,2015,0.99,762,2015
762,2005,0.84,762,2005
762,2010,0.87,762,2010
762,2005,0.62,762,2005
762,2010,0.67,762,2010
764,2005,0.97,764,2005
764,2010,0.99,764,2010
764,2015,0.94,764,2015
764,2018,1.0,764,2018
764,2019,1.0,764,2019
764,2020,1.0,764,2020
764,2005,1.05,764,2005
764,2010,1.07,764,2010
764,2015,0.96,764,2015
764,2018,0.98,764,2018
764,2019,0.97,764,2019
764,2020,0.98,764,2020
764,2005,1.12,764,2005
764,2010,1.18,764,2010
764,2015,1.0,764,2015
764,2018,1.06,764,2018
764,2019,1.02,764,2019
764,2020,1.02,764,2020
626,2005,0.91,626,2005
626,2010,0.95,626,2010
626,2015,0.98,626,2015
626,2018,0.96,626,2018
626,2019,0.98,626,2019
626,2005,0.97,626,2005
626,2010,0.99,626,2010
626,2015,1.06,626,2015
626,2018,1.08,626,2018
626,2019,1.1,626,2019
626,2010,0.96,626,2010
626,2018,1.1,626,2018
626,2019,1.13,626,2019
768,1995,0.68,768,1995
768,2005,0.85,768,2005
768,2010,0.9,768,2010
768,2015,0.95,768,2015
768,2018,0.96,768,2018
768,2019,0.97,768,2019
768,2020,0.97,768,2020
768,1995,0.35,768,1995
768,2005,0.53,768,2005
768,1995,0.2,768,1995
768,2005,0.41,768,2005
768,2020,0.64,768,2020
772,2019,1.03,772,2019
772,2020,1.0,772,2020
772,2019,0.99,772,2019
772,2020,0.97,772,2020
772,2019,2.38,772,2019
772,2020,2.06,772,2020
776,1995,0.99,776,1995
776,2005,0.97,776,2005
776,2010,0.98,776,2010
776,2015,0.99,776,2015
776,2018,0.99,776,2018
776,2019,0.97,776,2019
776,2020,0.95,776,2020
776,2010,1.07,776,2010
776,2015,1.03,776,2015
776,2019,1.14,776,2019
776,2020,1.18,776,2020
776,2015,1.19,776,2015
776,2019,1.25,776,2019
776,2020,1.21,776,2020
780,1995,1.0,780,1995
780,2005,0.97,780,2005
780,2010,0.97,780,2010
788,1995,0.93,788,1995
788,2005,0.99,788,2005
788,2010,1.0,788,2010
788,2015,1.0,788,2015
788,2018,0.99,788,2018
788,2020,0.98,788,2020
788,1995,0.91,788,1995
788,2005,1.1,788,2005
788,2010,1.1,788,2010
788,2005,1.22,788,2005
788,2010,1.25,788,2010
792,1995,0.92,792,1995
792,2005,0.95,792,2005
792,2010,0.99,792,2010
792,2015,0.99,792,2015
792,2018,0.99,792,2018
792,2019,0.99,792,2019
792,1995,0.65,792,1995
792,2005,0.83,792,2005
792,2010,0.92,792,2010
792,2015,0.97,792,2015
792,2018,0.98,792,2018
792,2019,0.96,792,2019
792,1995,0.64,792,1995
792,2005,0.78,792,2005
792,2010,0.87,792,2010
792,2015,0.94,792,2015
792,2018,0.94,792,2018
792,2019,0.91,792,2019
795,2019,0.98,795,2019
795,2020,0.98,795,2020
795,2019,0.99,795,2019
796,2005,1.08,796,2005
796,2018,1.0,796,2018
796,2005,0.94,796,2005
796,2015,1.11,796,2015
796,2018,1.03,796,2018
796,2015,1.29,796,2015
796,2018,1.08,796,2018
798,2005,0.97,798,2005
798,2015,0.96,798,2015
798,2018,0.92,798,2018
798,2019,0.96,798,2019
798,2020,1.01,798,2020
798,2015,1.21,798,2015
798,2018,1.14,798,2018
798,2019,1.09,798,2019
798,2018,1.48,798,2018
798,2019,1.43,798,2019
798,2020,1.18,798,2020
800,1995,0.84,800,1995
800,2005,0.99,800,2005
800,2010,1.01,800,2010
800,2015,1.02,800,2015
804,2005,1.0,804,2005
804,2010,1.01,804,2010
804,2005,0.93,804,2005
804,2010,0.98,804,2010
804,2005,0.96,804,2005
804,2010,0.91,804,2010
784,1995,0.98,784,1995
784,2015,1.0,784,2015
784,2019,1.0,784,2019
784,2020,1.01,784,2020
784,1995,1.05,784,1995
784,2019,0.99,784,2019
784,1995,1.14,784,1995
784,2019,0.98,784,2019
784,2020,1.02,784,2020
826,2005,1.0,826,2005
826,2010,0.99,826,2010
826,2015,1.0,826,2015
826,2018,1.0,826,2018
826,2019,1.0,826,2019
826,1995,0.99,826,1995
826,2005,1.03,826,2005
826,2010,1.0,826,2010
826,2015,1.03,826,2015
826,2018,1.03,826,2018
826,2019,1.02,826,2019
826,2005,1.05,826,2005
826,2010,1.04,826,2010
826,2015,1.06,826,2015
826,2018,1.06,826,2018
826,2019,1.05,826,2019
834,1995,0.99,834,1995
834,2005,0.97,834,2005
834,2010,1.02,834,2010
834,2015,1.05,834,2015
834,2018,1.03,834,2018
834,2019,1.02,834,2019
834,2020,1.03,834,2020
834,1995,0.81,834,1995
834,2010,0.82,834,2010
834,2015,0.99,834,2015
834,2018,1.05,834,2018
834,2019,1.08,834,2019
834,2020,1.1,834,2020
834,1995,0.74,834,1995
834,2010,0.76,834,2010
834,2015,0.67,834,2015
834,2018,0.73,834,2018
834,2019,0.76,834,2019
834,2020,0.78,834,2020
840,1995,0.99,840,1995
840,2005,0.99,840,2005
840,2015,1.0,840,2015
840,2018,1.0,840,2018
840,2019,1.01,840,2019
840,1995,1.01,840,1995
840,2005,1.02,840,2005
840,2015,1.01,840,2015
840,2018,0.99,840,2018
840,2019,0.98,840,2019
840,1995,1.04,840,1995
840,2005,1.06,840,2005
840,2015,1.02,840,2015
840,2019,0.97,840,2019
850,1995,0.95,850,1995
858,1995,0.99,858,1995
858,2005,0.97,858,2005
858,2010,0.97,858,2010
858,2015,0.98,858,2015
858,2018,0.99,858,2018
858,2019,0.99,858,2019
858,1995,1.2,858,1995
858,2005,1.15,858,2005
858,2010,1.17,858,2010
858,2018,1.11,858,2018
858,2019,1.11,858,2019
858,1995,1.33,858,1995
858,2005,1.22,858,2005
858,2010,1.32,858,2010
858,2018,1.22,858,2018
858,2019,1.22,858,2019
860,1995,0.96,860,1995
860,2005,1.0,860,2005
860,2010,0.98,860,2010
860,2015,0.99,860,2015
860,2018,0.99,860,2018
860,2019,0.99,860,2019
860,2020,0.98,860,2020
860,2005,0.97,860,2005
860,2010,1.0,860,2010
860,2005,0.92,860,2005
860,2010,1.01,860,2010
860,2018,1.0,860,2018
860,2019,1.03,860,2019
548,2005,0.97,548,2005
548,2010,0.99,548,2010
548,2015,0.97,548,2015
548,2019,0.96,548,2019
548,2020,0.98,548,2020
548,2010,1.0,548,2010
548,2015,1.03,548,2015
548,2020,1.14,548,2020
548,2010,0.84,548,2010
548,2015,1.05,548,2015
548,2020,1.3,548,2020
862,2005,0.98,862,2005
862,2010,0.97,862,2010
862,2015,0.98,862,2015
862,2005,1.13,862,2005
862,2010,1.1,862,2010
862,2015,1.08,862,2015
862,2005,1.25,862,2005
862,2010,1.18,862,2010
862,2015,1.15,862,2015
704,1995,1.0,704,1995
704,2005,0.95,704,2005
704,2010,0.95,704,2010
704,2015,1.0,704,2015
704,2018,1.02,704,2018
704,2019,1.02,704,2019
704,2020,1.02,704,2020
887,2005,0.74,887,2005
887,2010,0.82,887,2010
887,2005,0.49,887,2005
887,2010,0.62,887,2010
887,2005,0.45,887,2005
887,2010,0.59,887,2010
894,1995,0.93,894,1995
894,2005,0.94,894,2005
894,2010,1.01,894,2010
894,2015,1.0,894,2015
716,1995,0.98,716,1995
716,2015,0.98,716,2015
716,2018,1.0,716,2018
716,2019,1.0,716,2019
716,2020,1.01,716,2020
716,1995,0.84,716,1995
